date_extraction,nom_commune,prix_appartement_bas_m2_vente,prix_appartement_haut_m2_vente,prix_appartement_moyen_m2_vente,prix_maison_bas_m2_vente,prix_maison_haut_m2_vente,prix_maison_moyen_m2_vente
2018-10-15 16:03:50,Montreuil,5250.0,7793.34,5372.75,4606.59,7725.02,4736.1
2018-10-31 14:39:05,Montreuil,3495.34,4390.24,3454.25,4528.57,7775.16,4703.25
2018-10-31 18:42:13,Montreuil,1933.12,2598.89,1917.33,2133.33,3228.33,2172.27
2018-11-04 22:39:35,Montreuil,4500.0,7500.0,4763.37,4500.0,7500.0,4763.37
2018-11-06 09:33:17,Montreuil,4264.71,7493.28,4624.96,4264.71,7493.28,4624.96
2018-11-07 23:25:12,Montreuil,1854.29,7150.75,3048.34,1854.29,7150.75,3048.34
2018-11-11 20:30:02,Montreuil,1842.11,7140.81,3028.93,1842.11,7140.81,3028.93
2018-11-15 19:09:09,Montreuil,5195.95,7676.67,5276.53,5195.95,7676.67,5276.53
2018-11-25 20:30:02,Montreuil,1809.09,7083.33,3010.99,1809.09,7083.33,3010.99
2018-12-02 20:30:01,Montreuil,1777.74,7083.33,2982.58,1777.74,7083.33,2982.58
2018-12-16 20:30:01,Montreuil,1740.84,7036.36,2927.1,1740.84,7036.36,2927.1
2018-12-23 20:30:02,Montreuil,1741.67,7013.23,2926.05,1741.67,7013.23,2926.05
2018-12-30 20:30:02,Montreuil,1787.37,7083.33,2995.35,1787.37,7083.33,2995.35
2019-01-06 20:30:02,Montreuil,5223.88,7700.0,5276.12,5223.88,7700.0,5276.12
2019-01-20 20:30:02,Montreuil,1688.31,6842.11,2836.37,1688.31,6842.11,2836.37
2019-01-27 20:30:02,Montreuil,1688.31,6842.11,2836.37,1688.31,6842.11,2836.37
2018-10-17 09:57:41,Paris,12000.0,14718.75,12557.53,3850.93,3850.93,3850.93
2018-10-25 13:38:53,Paris,12000.0,15000.0,12638.67,3850.93,3850.93,3850.93
2018-10-31 17:50:48,Paris,2476.14,3457.86,2430.6,1806.25,2779.32,1896.66
2018-10-31 18:42:13,Paris,2596.49,4037.16,2816.1,2933.69,3759.21,2933.7
2018-11-04 22:39:35,Paris,13083.33,19369.37,12418.13,13083.33,19369.37,12418.13
2018-11-06 09:33:17,Paris,13020.0,19369.37,12306.85,13020.0,19369.37,12306.85
2018-11-07 23:25:12,Paris,1942.33,16062.92,4754.91,1942.33,16062.92,4754.91
2018-11-11 20:30:02,Paris,1883.87,14619.79,3958.85,1883.87,14619.79,3958.85
2018-10-17 09:57:41,Paris,12000.0,14718.75,12557.53,2296.88,2296.88,2296.88
2018-10-25 13:38:53,Paris,12000.0,15000.0,12638.67,2296.88,2296.88,2296.88
2018-10-31 18:42:13,Paris,5842.81,8000.0,5801.65,2296.88,2296.88,2296.88
2018-11-04 22:39:35,Paris,12093.81,15227.27,12006.42,12093.81,15227.27,12006.42
2018-11-06 09:33:17,Paris,12093.02,15151.03,11974.61,12093.02,15151.03,11974.61
2018-11-07 23:25:12,Paris,12131.15,15227.27,12364.74,12131.15,15227.27,12364.74
2018-11-11 20:30:02,Paris,12136.36,15227.27,12334.43,12136.36,15227.27,12334.43
2018-10-17 09:57:41,Paris,12450.0,14879.39,12245.43,2296.88,2296.88,2296.88
2018-10-25 13:38:53,Paris,12000.0,15000.0,12638.67,2296.88,2296.88,2296.88
2018-10-31 18:42:13,Paris,1969.77,2178.08,1867.4,5236.01,7796.03,5101.96
2018-11-04 22:39:35,Paris,12669.54,16008.6,12749.86,12669.54,16008.6,12749.86
2018-11-06 09:33:17,Paris,12685.69,15945.52,12728.16,12685.69,15945.52,12728.16
2018-11-07 23:25:12,Paris,11470.59,15247.52,9358.5,11470.59,15247.52,9358.5
2018-11-11 20:30:02,Paris,11944.44,15468.75,10409.66,11944.44,15468.75,10409.66
2018-11-15 19:09:09,Paris,12674.42,15900.0,12746.55,12674.42,15900.0,12746.55
2018-11-25 20:30:02,Paris,11262.14,15228.29,9158.16,11262.14,15228.29,9158.16
2018-12-02 20:30:01,Paris,11723.23,15346.63,9916.38,11723.23,15346.63,9916.38
2018-12-09 20:30:02,Paris,11447.37,15344.83,9323.18,11447.37,15344.83,9323.18
2018-12-16 20:30:01,Paris,12836.73,16153.85,12856.48,12836.73,16153.85,12856.48
2018-12-23 20:30:02,Paris,12836.73,16217.86,12875.17,12836.73,16217.86,12875.17
2018-12-30 20:30:02,Paris,11595.9,15769.23,9615.79,11595.9,15769.23,9615.79
2019-01-06 20:30:02,Paris,10918.72,15890.29,8821.73,10918.72,15890.29,8821.73
2019-01-20 20:30:02,Paris,10660.38,15900.0,8691.57,10660.38,15900.0,8691.57
2019-01-27 20:30:02,Paris,10446.27,15852.39,8665.31,10446.27,15852.39,8665.31
2018-10-17 09:57:41,Paris,13500.0,21007.9,14269.83,2296.88,2296.88,2296.88
2018-10-25 13:38:53,Paris,13429.55,20750.0,14020.58,2296.88,2296.88,2296.88
2018-10-31 18:42:13,Paris,2775.07,2958.36,2775.08,4533.49,6617.14,4743.75
2018-11-04 22:39:35,Paris,14047.62,21077.73,14632.88,14047.62,21077.73,14632.88
2018-11-06 09:33:17,Paris,14921.23,15143.81,14921.22,14921.23,15143.81,14921.22
2018-11-07 23:25:12,Paris,14137.93,21087.9,14665.03,14137.93,21087.9,14665.03
2018-11-11 20:30:02,Paris,14148.94,21200.0,14709.33,14148.94,21200.0,14709.33
2018-10-17 09:57:41,Paris,13500.0,21007.9,14269.83,2296.88,2296.88,2296.88
2018-10-25 13:38:53,Paris,13429.55,20750.0,14020.58,2296.88,2296.88,2296.88
2018-10-31 14:39:05,Paris,3851.85,5882.97,3930.59,5195.24,12095.74,5694.49
2018-10-31 18:42:13,Paris,2962.96,4252.86,3117.14,2965.65,4045.0,3126.85
2018-11-04 22:39:35,Paris,13324.56,18298.52,13710.07,13324.56,18298.52,13710.07
2018-11-06 09:33:17,Paris,13333.33,18295.77,13728.26,13333.33,18295.77,13728.26
2018-11-07 23:25:12,Paris,13333.33,18285.71,13685.87,13333.33,18285.71,13685.87
2018-11-11 20:30:02,Paris,13333.33,18285.71,13669.01,13333.33,18285.71,13669.01
2018-11-15 19:09:09,Paris,13333.33,18285.71,13655.99,13333.33,18285.71,13655.99
2018-11-25 20:30:02,Paris,11363.64,17885.71,8783.6,11363.64,17885.71,8783.6
2018-12-02 20:30:01,Paris,13392.86,18285.71,13639.63,13392.86,18285.71,13639.63
2018-12-09 20:30:02,Paris,12260.5,17885.71,10030.46,12260.5,17885.71,10030.46
2018-12-16 20:30:01,Paris,11363.64,17885.71,8729.87,11363.64,17885.71,8729.87
2018-12-23 20:30:02,Paris,12000.0,17885.71,9663.62,12000.0,17885.71,9663.62
2018-12-30 20:30:02,Paris,12298.51,17885.71,10112.13,12298.51,17885.71,10112.13
2019-01-06 20:30:02,Paris,9261.74,17727.27,7861.79,9261.74,17727.27,7861.79
2019-01-20 20:30:02,Paris,11385.71,17727.27,8457.8,11385.71,17727.27,8457.8
2019-01-27 20:30:02,Paris,11406.25,17727.27,8531.13,11406.25,17727.27,8531.13
2018-10-17 09:57:41,Paris,14857.14,19100.0,15010.65,33000.0,33000.0,33000.0
2018-10-25 13:38:53,Paris,14857.14,19014.29,14970.47,33000.0,33000.0,33000.0
2018-10-31 18:42:13,Paris,3883.72,4935.68,3925.34,33000.0,33000.0,33000.0
2018-11-04 22:39:35,Paris,15315.79,21888.22,15852.59,15315.79,21888.22,15852.59
2018-11-06 09:33:17,Paris,15322.58,21780.48,15855.1,15322.58,21780.48,15855.1
2018-11-07 23:25:12,Paris,15322.58,21780.48,15855.1,15322.58,21780.48,15855.1
2018-11-11 20:30:02,Paris,15344.83,21785.71,15883.25,15344.83,21785.71,15883.25
2018-11-15 19:09:09,Paris,15315.79,21768.29,15840.52,15315.79,21768.29,15840.52
2018-11-25 20:30:02,Paris,14464.29,21071.43,13650.47,14464.29,21071.43,13650.47
2018-12-02 20:30:01,Paris,15215.05,22004.36,15827.13,15215.05,22004.36,15827.13
2018-12-09 20:30:02,Paris,15192.31,21917.17,15828.16,15192.31,21917.17,15828.16
2018-12-16 20:30:01,Paris,15273.08,22055.42,15872.37,15273.08,22055.42,15872.37
2018-12-23 20:30:02,Paris,15273.08,22389.19,15897.99,15273.08,22389.19,15897.99
2018-12-30 20:30:02,Paris,15163.93,22472.83,15867.64,15163.93,22472.83,15867.64
2019-01-06 20:30:02,Paris,15000.0,23100.0,15362.87,15000.0,23100.0,15362.87
2019-01-20 20:30:02,Paris,13695.65,21495.33,12424.05,13695.65,21495.33,12424.05
2019-01-27 20:30:02,Paris,13789.47,21666.67,12491.74,13789.47,21666.67,12491.74
2018-10-17 09:57:41,Paris,14568.65,19791.59,14464.29,975.0,975.0,975.0
2018-10-25 13:38:53,Paris,14545.45,19151.29,14301.9,975.0,975.0,975.0
2018-10-31 14:39:05,Paris,14545.45,19151.29,14301.9,975.0,975.0,975.0
2018-10-31 18:42:13,Paris,3294.86,4272.22,3294.72,975.0,975.0,975.0
2018-11-04 22:39:35,Paris,14722.22,22654.44,15535.43,14722.22,22654.44,15535.43
2018-11-07 23:25:12,Paris,11107.33,20061.11,10191.99,11107.33,20061.11,10191.99
2018-11-11 20:30:02,Paris,11500.0,20123.08,10272.47,11500.0,20123.08,10272.47
2018-11-15 19:09:09,Paris,13125.0,20847.24,11760.47,13125.0,20847.24,11760.47
2018-11-25 20:30:02,Paris,10984.25,19886.36,10109.45,10984.25,19886.36,10109.45
2018-12-02 20:30:01,Paris,14361.7,22385.3,14105.13,14361.7,22385.3,14105.13
2018-12-09 20:30:02,Paris,12461.54,20000.0,10748.89,12461.54,20000.0,10748.89
2018-12-16 20:30:01,Paris,10351.3,19686.43,9987.56,10351.3,19686.43,9987.56
2018-12-23 20:30:02,Paris,10375.0,19696.97,10002.8,10375.0,19696.97,10002.8
2018-12-30 20:30:02,Paris,11000.0,19696.97,10071.45,11000.0,19696.97,10071.45
2019-01-06 20:30:02,Paris,6250.0,19651.16,9357.64,6250.0,19651.16,9357.64
2019-01-20 20:30:02,Paris,6450.0,19696.97,9395.37,6450.0,19696.97,9395.37
2019-01-27 20:30:02,Paris,6452.55,19696.97,9389.85,6452.55,19696.97,9389.85
2018-10-17 09:57:41,Paris,12931.03,18520.9,13404.61,975.0,975.0,975.0
2018-10-25 13:38:53,Paris,12909.09,18822.05,13382.71,975.0,975.0,975.0
2018-10-31 18:42:13,Paris,2897.44,3748.55,2813.06,3210.45,3930.44,3195.36
2018-11-04 22:39:35,Paris,13311.11,23731.1,14768.49,13311.11,23731.1,14768.49
2018-11-06 09:33:17,Paris,13306.28,23929.25,14821.1,13306.28,23929.25,14821.1
2018-11-07 23:25:12,Paris,13306.28,23929.25,14821.1,13306.28,23929.25,14821.1
2018-11-11 20:30:02,Paris,13294.8,23756.35,14738.5,13294.8,23756.35,14738.5
2018-11-15 19:09:09,Paris,13294.8,23994.1,14738.97,13294.8,23994.1,14738.97
2018-11-25 20:30:02,Paris,13311.11,24244.5,14749.26,13311.11,24244.5,14749.26
2018-12-02 20:30:01,Paris,13347.46,24158.12,14755.26,13347.46,24158.12,14755.26
2018-12-09 20:30:02,Paris,13311.11,23962.81,14636.07,13311.11,23962.81,14636.07
2018-12-16 20:30:01,Paris,13294.8,23756.35,14520.0,13294.8,23756.35,14520.0
2018-12-23 20:30:02,Paris,13311.11,23682.43,14483.42,13311.11,23682.43,14483.42
2018-12-30 20:30:02,Paris,13164.56,23301.0,14246.89,13164.56,23301.0,14246.89
2019-01-06 20:30:02,Paris,13164.56,23756.35,14368.78,13164.56,23756.35,14368.78
2019-01-20 20:30:02,Paris,13197.94,24733.55,14665.94,13197.94,24733.55,14665.94
2019-01-27 20:30:02,Paris,13250.0,25000.0,14746.56,13250.0,25000.0,14746.56
2018-10-17 09:57:41,Paris,11000.0,14437.5,11073.32,975.0,975.0,975.0
2018-10-25 13:38:53,Paris,11000.0,14204.12,11079.35,975.0,975.0,975.0
2018-10-31 14:39:05,Paris,10991.81,14202.73,11072.77,975.0,975.0,975.0
2018-10-31 18:42:13,Paris,3253.97,5265.3,3439.46,2921.95,3924.96,2962.66
2018-11-04 22:39:35,Paris,11119.79,15245.1,11435.11,11119.79,15245.1,11435.11
2018-11-06 09:33:17,Paris,11126.85,15208.33,11414.64,11126.85,15208.33,11414.64
2018-11-07 23:25:12,Paris,11105.29,14996.25,11357.09,11105.29,14996.25,11357.09
2018-11-11 20:30:02,Paris,11114.58,15085.23,11356.88,11114.58,15085.23,11356.88
2018-11-15 19:09:09,Paris,11135.94,15033.13,11363.53,11135.94,15033.13,11363.53
2018-11-25 20:30:02,Paris,11153.85,15250.0,11609.45,11153.85,15250.0,11609.45
2018-12-02 20:30:01,Paris,11153.85,15206.23,11584.45,11153.85,15206.23,11584.45
2018-12-09 20:30:02,Paris,11153.85,15185.19,11571.99,11153.85,15185.19,11571.99
2018-12-16 20:30:01,Paris,11153.85,15054.22,11525.04,11153.85,15054.22,11525.04
2018-12-23 20:30:02,Paris,11153.85,15039.16,11528.12,11153.85,15039.16,11528.12
2018-12-30 20:30:02,Paris,11167.75,14867.65,11514.42,11167.75,14867.65,11514.42
2019-01-06 20:30:02,Paris,11198.5,15185.19,11511.8,11198.5,15185.19,11511.8
2019-01-20 20:30:02,Paris,11466.67,14872.29,11604.19,11466.67,14872.29,11604.19
2019-01-27 20:30:02,Paris,11481.48,14875.0,11624.88,11481.48,14875.0,11624.88
2018-10-17 09:57:41,Paris,10098.04,12478.12,9989.98,6081.63,6081.63,6081.63
2018-10-25 13:38:53,Paris,10104.17,12473.44,10035.75,6059.18,6079.39,6059.18
2018-10-31 14:39:05,Paris,10101.1,12466.52,10032.95,6059.18,6079.39,6059.18
2018-10-31 18:42:13,Paris,2324.32,3413.62,2379.66,2600.0,3666.18,2749.14
2018-11-04 22:39:35,Paris,10106.38,13125.0,10232.59,10106.38,13125.0,10232.59
2018-11-06 09:33:17,Paris,10106.38,13125.0,10236.1,10106.38,13125.0,10236.1
2018-11-07 23:25:12,Paris,10106.38,13125.0,10236.1,10106.38,13125.0,10236.1
2018-11-11 20:30:02,Paris,10106.38,13125.0,10226.9,10106.38,13125.0,10226.9
2018-11-15 19:09:09,Paris,10101.1,13125.0,10226.02,10101.1,13125.0,10226.02
2018-11-25 20:30:02,Paris,10119.05,13125.0,10242.21,10119.05,13125.0,10242.21
2018-12-02 20:30:01,Paris,10125.0,13051.28,10220.77,10125.0,13051.28,10220.77
2018-12-16 20:30:01,Paris,10135.14,13051.28,10239.67,10135.14,13051.28,10239.67
2018-12-23 20:30:02,Paris,10135.14,13125.0,10245.51,10135.14,13125.0,10245.51
2018-12-30 20:30:02,Paris,10170.21,13125.0,10275.27,10170.21,13125.0,10275.27
2019-01-06 20:30:02,Paris,10161.33,13214.29,10243.15,10161.33,13214.29,10243.15
2019-01-20 20:30:02,Paris,10240.0,13208.57,10246.83,10240.0,13208.57,10246.83
2019-01-27 20:30:02,Paris,10240.0,13208.57,10246.83,10240.0,13208.57,10246.83
2018-10-17 09:57:41,Paris,10098.04,12478.12,9989.98,6881.59,10665.63,6851.48
2018-10-25 13:38:53,Paris,10104.17,12473.44,10035.75,6881.59,10665.63,6851.48
2018-10-31 14:39:05,Paris,10101.1,12466.52,10032.95,6881.59,10665.63,6851.48
2018-10-31 18:42:13,Paris,3115.94,3731.9,3084.22,1261.68,1777.31,1235.34
2018-11-04 22:39:35,Paris,10644.44,13085.11,10540.67,10644.44,13085.11,10540.67
2018-11-06 09:33:17,Paris,10644.44,13085.11,10543.44,10644.44,13085.11,10543.44
2018-11-07 23:25:12,Paris,9550.56,12500.0,7583.52,9550.56,12500.0,7583.52
2018-11-11 20:30:02,Paris,9212.96,12479.17,7263.13,9212.96,12479.17,7263.13
2018-11-15 19:09:09,Paris,10644.44,13085.11,10554.88,10644.44,13085.11,10554.88
2018-11-25 20:30:02,Paris,10645.16,13085.11,10559.44,10645.16,13085.11,10559.44
2018-12-02 20:30:01,Paris,9000.0,12458.33,7062.71,9000.0,12458.33,7062.71
2018-12-16 20:30:01,Paris,8953.49,12427.5,7008.46,8953.49,12427.5,7008.46
2018-12-23 20:30:02,Paris,8909.09,12418.6,6959.52,8909.09,12418.6,6959.52
2018-12-30 20:30:02,Paris,9196.08,12439.02,7171.01,9196.08,12439.02,7171.01
2019-01-06 20:30:02,Paris,8500.0,12344.57,6722.84,8500.0,12344.57,6722.84
2019-01-20 20:30:02,Paris,8500.0,12333.33,6730.1,8500.0,12333.33,6730.1
2019-01-27 20:30:02,Paris,8500.0,12333.33,6730.1,8500.0,12333.33,6730.1
2018-10-17 09:57:41,Paris,9629.63,12390.1,9472.96,12822.1,14576.67,12320.53
2018-10-25 13:38:53,Paris,9635.83,12078.16,9506.16,11744.19,14536.86,10431.58
2018-10-31 14:39:05,Paris,9634.15,12021.18,9480.56,11744.19,14536.86,10431.58
2018-10-31 18:42:13,Paris,6000.0,8056.93,6112.84,3518.52,5456.0,3680.64
2018-11-04 22:39:35,Paris,9865.85,12355.59,9818.36,9865.85,12355.59,9818.36
2018-11-07 23:25:12,Paris,2136.36,11285.71,4547.33,2136.36,11285.71,4547.33
2018-11-11 20:30:02,Paris,2109.72,11285.71,4483.6,2109.72,11285.71,4483.6
2018-11-15 19:09:09,Paris,2110.5,11250.0,4483.0,2110.5,11250.0,4483.0
2018-11-25 20:30:02,Paris,7869.86,11604.35,6237.97,7869.86,11604.35,6237.97
2018-12-02 20:30:01,Paris,2107.87,11208.33,4445.38,2107.87,11208.33,4445.38
2018-12-16 20:30:01,Paris,2109.72,11250.0,4484.39,2109.72,11250.0,4484.39
2018-12-23 20:30:02,Paris,2219.1,11373.3,4956.39,2219.1,11373.3,4956.39
2018-12-30 20:30:02,Paris,9777.78,12156.46,9405.27,9777.78,12156.46,9405.27
2019-01-06 20:30:02,Paris,2097.56,11095.18,4260.85,2097.56,11095.18,4260.85
2019-01-20 20:30:02,Paris,2129.26,11052.63,4308.67,2129.26,11052.63,4308.67
2019-01-27 20:30:02,Paris,2129.26,11052.63,4308.67,2129.26,11052.63,4308.67
2018-10-17 09:57:41,Paris,9629.63,12390.1,9472.96,9556.89,10331.37,8443.78
2018-10-25 13:38:53,Paris,9635.83,12078.16,9506.16,8403.36,10275.16,8046.86
2018-10-31 14:39:05,Paris,9634.15,12021.18,9480.56,8403.36,10275.16,8046.86
2018-10-31 18:42:13,Paris,2902.44,3733.64,2903.6,1295.0,2120.72,1395.73
2018-11-04 22:39:35,Paris,9130.43,12337.5,9342.82,9130.43,12337.5,9342.82
2018-11-06 09:33:17,Paris,9233.33,12500.0,9427.01,9233.33,12500.0,9427.01
2018-11-07 23:25:12,Paris,2817.1,11753.85,5346.77,2817.1,11753.85,5346.77
2018-11-11 20:30:02,Paris,2817.52,11760.0,5348.86,2817.52,11760.0,5348.86
2018-11-15 19:09:09,Paris,9202.04,12337.5,9367.46,9202.04,12337.5,9367.46
2018-11-25 20:30:02,Paris,2786.09,11785.71,5335.07,2786.09,11785.71,5335.07
2018-12-02 20:30:01,Paris,2777.78,11833.33,5326.85,2777.78,11833.33,5326.85
2018-12-16 20:30:01,Paris,2757.58,11880.95,5302.51,2757.58,11880.95,5302.51
2018-12-23 20:30:02,Paris,2777.78,11880.95,5353.36,2777.78,11880.95,5353.36
2018-12-30 20:30:02,Paris,3050.36,11880.95,5626.83,3050.36,11880.95,5626.83
2019-01-06 20:30:02,Paris,2682.29,11785.71,5113.49,2682.29,11785.71,5113.49
2019-01-20 20:30:02,Paris,2727.5,11750.0,5117.47,2727.5,11750.0,5117.47
2019-01-27 20:30:02,Paris,2727.5,11750.0,5117.47,2727.5,11750.0,5117.47
2018-10-17 09:57:41,Paris,10340.43,19181.4,11127.93,8674.7,13006.41,7602.94
2018-10-25 13:38:53,Paris,10396.04,18467.69,11128.54,9522.61,12891.98,8433.9
2018-10-31 14:39:05,Paris,10396.04,18394.26,11111.53,10511.31,12834.76,8879.67
2018-10-31 18:42:13,Paris,3373.98,4352.11,3338.85,3153.85,4436.59,3241.2
2018-11-04 22:39:35,Paris,10557.69,19626.49,11704.82,10557.69,19626.49,11704.82
2018-11-06 09:33:17,Paris,10676.83,20417.97,11811.71,10676.83,20417.97,11811.71
2018-11-07 23:25:12,Paris,10676.83,20417.97,11811.71,10676.83,20417.97,11811.71
2018-11-11 20:30:02,Paris,10671.17,20560.75,11840.48,10671.17,20560.75,11840.48
2018-11-15 19:09:09,Paris,10625.0,20560.75,11814.42,10625.0,20560.75,11814.42
2018-11-25 20:30:02,Paris,10764.06,23535.72,12081.59,10764.06,23535.72,12081.59
2018-12-02 20:30:01,Paris,10809.52,25263.16,12247.77,10809.52,25263.16,12247.77
2018-12-16 20:30:01,Paris,10827.59,25263.16,12209.63,10827.59,25263.16,12209.63
2018-12-23 20:30:02,Paris,9841.27,19307.69,8925.29,9841.27,19307.69,8925.29
2018-12-30 20:30:02,Paris,10827.59,22222.22,12042.99,10827.59,22222.22,12042.99
2019-01-06 20:30:02,Paris,10827.59,24485.51,12127.78,10827.59,24485.51,12127.78
2019-01-20 20:30:02,Paris,10833.33,22222.22,12080.02,10833.33,22222.22,12080.02
2019-01-27 20:30:02,Paris,10833.33,22222.22,12080.02,10833.33,22222.22,12080.02
2018-10-17 09:57:41,Paris,10225.68,13157.23,10400.96,9660.53,10039.22,9660.54
2018-10-25 13:38:53,Paris,10201.61,13209.38,10403.76,10081.3,24008.13,14958.88
2018-10-31 14:39:05,Paris,10201.61,13260.27,10411.7,9660.53,23234.42,12040.58
2018-10-31 18:42:13,Paris,3275.86,4220.0,3356.49,2982.5,3938.15,3121.42
2018-11-04 22:39:35,Paris,10312.5,13913.04,10610.69,10312.5,13913.04,10610.69
2018-11-06 09:33:17,Paris,10312.5,13933.37,10606.75,10312.5,13933.37,10606.75
2018-11-07 23:25:12,Paris,10260.42,13882.05,10388.37,10260.42,13882.05,10388.37
2018-11-11 20:30:02,Paris,10000.0,13638.68,9513.05,10000.0,13638.68,9513.05
2018-11-15 19:09:09,Paris,10326.09,13836.2,10610.5,10326.09,13836.2,10610.5
2018-11-25 20:30:02,Paris,9782.61,13577.57,8675.44,9782.61,13577.57,8675.44
2018-12-02 20:30:01,Paris,10105.27,14098.64,9610.05,10105.27,14098.64,9610.05
2018-12-16 20:30:01,Paris,10058.23,14104.17,9399.76,10058.23,14104.17,9399.76
2018-12-23 20:30:02,Paris,9851.49,14101.15,8699.68,9851.49,14101.15,8699.68
2018-12-30 20:30:02,Paris,10000.0,14152.51,9163.63,10000.0,14152.51,9163.63
2019-01-06 20:30:02,Paris,9698.8,13773.99,8364.12,9698.8,13773.99,8364.12
2019-01-20 20:30:02,Paris,9694.33,13545.0,8387.62,9694.33,13545.0,8387.62
2019-01-27 20:30:02,Paris,9694.33,13545.0,8387.62,9694.33,13545.0,8387.62
2018-10-17 09:57:41,Paris,10225.68,13157.23,10400.96,10614.04,16301.33,8505.5
2018-10-25 13:38:53,Paris,10201.61,13209.38,10403.76,12452.83,15197.46,8870.4
2018-10-31 14:39:05,Paris,10201.61,13260.27,10411.7,11533.44,14921.5,8470.05
2018-10-31 18:42:13,Paris,3604.7,5543.89,3824.32,5632.91,7321.2,5516.33
2018-11-04 22:39:35,Paris,11587.3,16950.35,12073.96,11587.3,16950.35,12073.96
2018-11-06 09:33:17,Paris,11578.95,16950.35,12071.28,11578.95,16950.35,12071.28
2018-11-07 23:25:12,Paris,11578.95,16950.35,12065.07,11578.95,16950.35,12065.07
2018-11-11 20:30:02,Paris,11578.95,16950.35,12056.25,11578.95,16950.35,12056.25
2018-11-15 19:09:09,Paris,11578.95,16950.35,12049.88,11578.95,16950.35,12049.88
2018-11-25 20:30:02,Paris,11598.08,17142.86,12080.3,11598.08,17142.86,12080.3
2018-12-02 20:30:01,Paris,11587.3,17093.02,12064.33,11587.3,17093.02,12064.33
2018-12-16 20:30:01,Paris,11595.74,17028.45,12109.94,11595.74,17028.45,12109.94
2018-12-23 20:30:02,Paris,11598.21,16950.35,12099.25,11598.21,16950.35,12099.25
2018-12-30 20:30:02,Paris,11603.77,16872.34,12077.57,11603.77,16872.34,12077.57
2019-01-06 20:30:02,Paris,11620.51,16950.35,12131.13,11620.51,16950.35,12131.13
2019-01-20 20:30:02,Paris,11632.65,17093.02,12145.49,11632.65,17093.02,12145.49
2019-01-27 20:30:02,Paris,11041.67,16660.06,10434.7,11041.67,16660.06,10434.7
2018-10-17 09:57:41,Paris,10603.45,13424.46,10580.58,6125.0,11263.58,6273.18
2018-10-25 13:38:53,Paris,10201.61,13209.38,10403.76,6125.0,11263.58,6273.18
2018-10-31 14:39:05,Paris,10201.61,13260.27,10411.7,6125.0,11263.58,6273.18
2018-10-31 18:42:13,Paris,3185.63,4631.67,3293.34,1506.9,2196.94,1496.25
2018-11-04 22:39:35,Paris,11000.0,14199.57,11032.75,11000.0,14199.57,11032.75
2018-11-06 09:33:17,Paris,11017.24,14141.67,11038.02,11017.24,14141.67,11038.02
2018-11-07 23:25:12,Paris,11000.0,14051.94,11048.62,11000.0,14051.94,11048.62
2018-11-11 20:30:02,Paris,11000.0,14028.28,11059.46,11000.0,14028.28,11059.46
2018-11-15 19:09:09,Paris,11000.0,14018.1,11059.89,11000.0,14018.1,11059.89
2018-11-25 20:30:02,Paris,11052.63,14081.34,11080.26,11052.63,14081.34,11080.26
2018-12-02 20:30:01,Paris,11079.55,14098.36,11086.97,11079.55,14098.36,11086.97
2018-12-16 20:30:01,Paris,11176.47,14091.65,11124.69,11176.47,14091.65,11124.69
2018-12-23 20:30:02,Paris,11206.9,14104.48,11145.61,11206.9,14104.48,11145.61
2018-12-30 20:30:02,Paris,11150.69,14100.0,11133.49,11150.69,14100.0,11133.49
2019-01-06 20:30:02,Paris,11153.85,14104.48,11145.93,11153.85,14104.48,11145.93
2019-01-20 20:30:02,Paris,11166.67,14100.0,11169.02,11166.67,14100.0,11169.02
2019-01-27 20:30:02,Paris,11166.67,14100.0,11169.02,11166.67,14100.0,11169.02
2018-10-17 09:57:41,Paris,10603.45,13424.46,10580.58,9636.36,11263.63,9751.57
2018-10-25 13:38:53,Paris,10201.61,13209.38,10403.76,10540.4,12766.67,10563.68
2018-10-31 14:39:05,Paris,10201.61,13260.27,10411.7,10540.4,12766.67,10563.68
2018-10-31 18:42:13,Paris,3162.9,4135.15,3391.83,3888.89,6013.49,4203.06
2018-11-04 22:39:35,Paris,9600.14,14494.38,10046.03,9600.14,14494.38,10046.03
2018-11-06 09:33:17,Paris,9592.59,14438.16,10017.93,9592.59,14438.16,10017.93
2018-11-07 23:25:12,Paris,9587.96,14442.02,10021.0,9587.96,14442.02,10021.0
2018-11-11 20:30:02,Paris,9596.3,14434.78,10005.14,9596.3,14434.78,10005.14
2018-11-15 19:09:09,Paris,9607.69,14434.78,9998.87,9607.69,14434.78,9998.87
2018-11-25 20:30:02,Paris,9609.38,14375.0,10013.54,9609.38,14375.0,10013.54
2018-12-02 20:30:01,Paris,9633.03,14413.31,10055.14,9633.03,14413.31,10055.14
2018-12-16 20:30:01,Paris,9633.03,14307.09,10375.05,9633.03,14307.09,10375.05
2018-12-23 20:30:02,Paris,9633.03,14307.09,10348.51,9633.03,14307.09,10348.51
2018-12-30 20:30:02,Paris,9633.03,14180.99,10268.37,9633.03,14180.99,10268.37
2019-01-06 20:30:02,Paris,9685.71,14307.09,10276.05,9685.71,14307.09,10276.05
2019-01-20 20:30:02,Paris,9708.33,14434.78,10233.46,9708.33,14434.78,10233.46
2019-01-27 20:30:02,Paris,9708.33,14434.78,10233.46,9708.33,14434.78,10233.46
2018-10-17 09:57:41,Paris,10603.45,13424.46,10580.58,9150.94,12029.27,10006.36
2018-10-25 13:38:53,Paris,10201.61,13209.38,10403.76,9285.99,11705.41,9747.37
2018-10-31 14:39:05,Paris,10201.61,13260.27,10411.7,9285.99,11705.41,9747.37
2018-10-31 18:42:13,Paris,2907.55,4567.52,3070.81,9285.99,11705.41,9747.37
2018-11-04 22:39:35,Paris,8600.0,11519.1,8624.29,8600.0,11519.1,8624.29
2018-11-06 09:33:17,Paris,8522.73,11125.0,8470.04,8522.73,11125.0,8470.04
2018-11-07 23:25:12,Paris,8522.73,11125.0,8470.04,8522.73,11125.0,8470.04
2018-11-11 20:30:02,Paris,8550.0,11125.0,8472.73,8550.0,11125.0,8472.73
2018-11-15 19:09:09,Paris,8550.0,11125.0,8470.43,8550.0,11125.0,8470.43
2018-11-25 20:30:02,Paris,8550.0,11132.26,8494.1,8550.0,11132.26,8494.1
2018-12-02 20:30:01,Paris,8537.5,11145.07,8499.12,8537.5,11145.07,8499.12
2018-12-16 20:30:01,Paris,8518.52,11180.11,8495.05,8518.52,11180.11,8495.05
2018-12-23 20:30:02,Paris,8506.76,11194.69,8479.22,8506.76,11194.69,8479.22
2018-12-30 20:30:02,Paris,8529.41,11204.87,8514.15,8529.41,11204.87,8514.15
2019-01-06 20:30:02,Paris,8518.52,11216.22,8479.07,8518.52,11216.22,8479.07
2019-01-20 20:30:02,Paris,8500.0,11351.35,8488.4,8500.0,11351.35,8488.4
2019-01-27 20:30:02,Paris,8500.0,11351.35,8488.4,8500.0,11351.35,8488.4
2018-10-17 09:57:41,Paris,10603.45,13424.46,10580.58,9268.29,10958.15,8303.51
2018-10-25 13:38:53,Paris,10201.61,13209.38,10403.76,9268.29,11398.96,8496.98
2018-10-31 14:39:05,Paris,10201.61,13260.27,10411.7,9268.29,11398.96,8496.98
2018-10-31 18:42:13,Paris,3035.33,3715.13,3014.68,9268.29,11398.96,8307.04
2018-11-04 22:39:35,Paris,8857.14,10958.33,8726.0,8857.14,10958.33,8726.0
2018-11-06 09:33:17,Paris,8866.67,10958.33,8721.32,8866.67,10958.33,8721.32
2018-11-07 23:25:12,Paris,8843.38,10899.93,8690.78,8843.38,10899.93,8690.78
2018-11-11 20:30:02,Paris,8854.29,10888.83,8701.1,8854.29,10888.83,8701.1
2018-11-15 19:09:09,Paris,8857.14,10906.72,8710.08,8857.14,10906.72,8710.08
2018-11-25 20:30:02,Paris,8861.56,10956.79,8778.86,8861.56,10956.79,8778.86
2018-12-02 20:30:01,Paris,8875.0,11000.0,8800.81,8875.0,11000.0,8800.81
2018-12-16 20:30:01,Paris,8891.59,11057.67,8835.16,8891.59,11057.67,8835.16
2018-12-23 20:30:02,Paris,8910.55,11063.83,8866.25,8910.55,11063.83,8866.25
2018-12-30 20:30:02,Paris,8908.05,11063.83,8878.99,8908.05,11063.83,8878.99
2019-01-06 20:30:02,Paris,8940.0,11063.83,8900.94,8940.0,11063.83,8900.94
2019-01-20 20:30:02,Paris,9000.0,11111.11,8923.05,9000.0,11111.11,8923.05
2019-01-27 20:30:02,Paris,9000.0,11111.11,8923.05,9000.0,11111.11,8923.05
2018-11-02 14:18:43,Aix-en-Provence,1260.0,2558.99,1336.12,1260.0,2558.99,1336.12
2018-11-03 01:00:02,Aix-en-Provence,1260.0,2558.99,1336.12,1260.0,2558.99,1336.12
2018-11-03 10:40:44,Aix-en-Provence,1260.0,2558.99,1336.12,1260.0,2558.99,1336.12
2018-11-04 22:39:35,Aix-en-Provence,1224.49,2536.22,1329.74,1224.49,2536.22,1329.74
2018-11-06 09:33:17,Aix-en-Provence,1224.49,2513.44,1329.69,1224.49,2513.44,1329.69
2018-11-07 23:25:12,Aix-en-Provence,1479.34,2888.34,1624.23,1479.34,2888.34,1624.23
2018-11-11 20:30:02,Aix-en-Provence,1466.67,2978.68,1629.93,1466.67,2978.68,1629.93
2018-11-15 19:09:09,Aix-en-Provence,1478.4,2886.95,1623.95,1478.4,2886.95,1623.95
2018-11-25 20:30:02,Aix-en-Provence,1468.22,2979.91,1636.96,1468.22,2979.91,1636.96
2018-12-02 20:30:01,Aix-en-Provence,1464.29,2958.56,1629.0,1464.29,2958.56,1629.0
2018-12-16 20:30:01,Aix-en-Provence,1464.0,2928.57,1625.04,1464.0,2928.57,1625.04
2018-12-23 20:30:02,Aix-en-Provence,1476.19,2888.93,1625.76,1476.19,2888.93,1625.76
2018-12-30 20:30:02,Aix-en-Provence,2177.11,6000.0,2835.21,2177.11,6000.0,2835.21
2019-01-06 20:30:02,Aix-en-Provence,2057.07,5656.32,2573.55,2057.07,5656.32,2573.55
2019-01-20 20:30:02,Aix-en-Provence,2650.0,6428.57,3293.06,2650.0,6428.57,3293.06
2019-01-27 20:30:02,Aix-en-Provence,2650.0,6428.57,3293.06,2650.0,6428.57,3293.06
2018-11-14 10:16:33,Marseille,1800.0,3778.1,2027.21,1800.0,3778.1,2027.21
2018-11-14 10:19:29,Marseille,1800.0,3778.1,2027.21,1800.0,3778.1,2027.21
2018-11-14 10:16:33,Marseille,2363.64,3834.05,2471.04,2363.64,3834.05,2471.04
2018-11-14 10:19:29,Marseille,2363.64,3834.05,2471.04,2363.64,3834.05,2471.04
2018-11-14 10:16:33,Marseille,2363.64,3834.05,2471.04,2363.64,3834.05,2471.04
2018-11-14 10:19:29,Marseille,2363.64,3834.05,2471.04,2363.64,3834.05,2471.04
2018-11-14 10:16:33,Marseille,2363.64,3834.05,2471.04,2363.64,3834.05,2471.04
2018-11-14 10:19:29,Marseille,2363.64,3834.05,2471.04,2363.64,3834.05,2471.04
2018-11-14 10:19:29,Marseille,2621.21,5000.0,2833.92,2621.21,5000.0,2833.92
2018-11-14 10:16:33,Marseille,3288.46,5395.83,3453.58,3288.46,5395.83,3453.58
2018-11-14 10:19:29,Marseille,3288.46,5395.83,3453.58,3288.46,5395.83,3453.58
2018-11-14 10:16:33,Marseille,2363.64,3834.05,2471.04,2363.64,3834.05,2471.04
2018-11-14 10:19:29,Marseille,2363.64,3834.05,2471.04,2363.64,3834.05,2471.04
2018-11-14 10:16:33,Marseille,2363.64,3834.05,2471.04,2363.64,3834.05,2471.04
2018-11-14 10:19:29,Marseille,2363.64,3834.05,2471.04,2363.64,3834.05,2471.04
2018-11-14 10:16:33,Marseille,2363.64,3834.05,2471.04,2363.64,3834.05,2471.04
2018-11-14 10:19:29,Marseille,2363.64,3834.05,2471.04,2363.64,3834.05,2471.04
2018-11-14 10:16:33,Marseille,2363.64,3834.05,2471.04,2363.64,3834.05,2471.04
2018-11-14 10:19:29,Marseille,2363.64,3834.05,2471.04,2363.64,3834.05,2471.04
2018-11-14 10:16:33,Marseille,2363.64,3834.05,2471.04,2363.64,3834.05,2471.04
2018-11-14 10:19:29,Marseille,2363.64,3834.05,2471.04,2363.64,3834.05,2471.04
2018-11-14 10:16:33,Marseille,2363.64,3834.05,2471.04,2363.64,3834.05,2471.04
2018-11-14 10:19:29,Marseille,2363.64,3834.05,2471.04,2363.64,3834.05,2471.04
2018-11-14 10:16:33,Marseille,2363.64,3834.05,2471.04,2363.64,3834.05,2471.04
2018-11-14 10:19:29,Marseille,2363.64,3834.05,2471.04,2363.64,3834.05,2471.04
2018-11-14 10:16:33,Marseille,2363.64,3834.05,2471.04,2363.64,3834.05,2471.04
2018-11-14 10:19:29,Marseille,2363.64,3834.05,2471.04,2363.64,3834.05,2471.04
2018-11-14 10:16:33,Marseille,2363.64,3834.05,2471.04,2363.64,3834.05,2471.04
2018-11-14 10:19:29,Marseille,2363.64,3834.05,2471.04,2363.64,3834.05,2471.04
2018-11-14 10:16:33,Marseille,2363.64,3834.05,2471.04,2363.64,3834.05,2471.04
2018-11-14 10:19:29,Marseille,2363.64,3834.05,2471.04,2363.64,3834.05,2471.04
2018-10-31 14:39:05,Boulogne-Billancourt,8936.17,11000.0,8891.94,9633.2,10652.78,8856.33
2018-10-31 18:42:13,Boulogne-Billancourt,3294.86,4272.22,3294.72,9633.2,10652.78,8856.33
2018-11-04 22:39:35,Boulogne-Billancourt,8774.19,11046.24,8729.11,8774.19,11046.24,8729.11
2018-11-06 09:33:17,Boulogne-Billancourt,8777.78,11047.22,8738.51,8777.78,11047.22,8738.51
2018-11-07 23:25:12,Boulogne-Billancourt,8833.33,11060.51,8842.02,8833.33,11060.51,8842.02
2018-11-11 20:30:02,Boulogne-Billancourt,8442.86,10896.64,7507.33,8442.86,10896.64,7507.33
2018-11-15 19:09:09,Boulogne-Billancourt,8854.17,11138.42,8864.02,8854.17,11138.42,8864.02
2018-11-25 20:30:02,Boulogne-Billancourt,8888.89,11061.44,8897.41,8888.89,11061.44,8897.41
2018-12-02 20:30:01,Boulogne-Billancourt,8936.17,11047.61,8917.87,8936.17,11047.61,8917.87
2018-12-16 20:30:01,Boulogne-Billancourt,9000.0,11036.83,8950.46,9000.0,11036.83,8950.46
2018-12-23 20:30:02,Boulogne-Billancourt,8653.85,10823.53,7756.5,8653.85,10823.53,7756.5
2018-12-30 20:30:02,Boulogne-Billancourt,8777.78,10914.47,8217.57,8777.78,10914.47,8217.57
2019-01-06 20:30:02,Boulogne-Billancourt,8774.19,11037.74,8248.02,8774.19,11037.74,8248.02
2019-01-20 20:30:02,Boulogne-Billancourt,8174.6,10784.31,7004.21,8174.6,10784.31,7004.21
2019-01-27 20:30:02,Boulogne-Billancourt,8174.6,10784.31,7004.21,8174.6,10784.31,7004.21
2018-10-31 14:39:05,Argenteuil,3804.76,5340.42,3907.59,3331.58,4460.94,3402.66
2018-10-31 18:42:13,Argenteuil,2027.78,2987.07,2079.18,3331.58,4460.94,3402.66
2018-11-04 22:39:35,Argenteuil,3359.38,5137.13,3432.75,3359.38,5137.13,3432.75
2018-11-06 09:33:17,Argenteuil,3362.41,4906.35,3401.68,3362.41,4906.35,3401.68
2018-11-07 23:25:12,Argenteuil,3237.69,4339.62,3205.1,3237.69,4339.62,3205.1
2018-11-11 20:30:02,Argenteuil,3237.69,4355.19,3210.67,3237.69,4355.19,3210.67
2018-11-15 19:09:09,Argenteuil,3238.1,4368.42,3216.97,3238.1,4368.42,3216.97
2018-11-25 20:30:02,Argenteuil,3275.86,4366.16,3248.97,3275.86,4366.16,3248.97
2018-12-02 20:30:01,Argenteuil,3273.97,4374.54,3254.3,3273.97,4374.54,3254.3
2018-12-16 20:30:01,Argenteuil,3283.78,4386.79,3269.02,3283.78,4386.79,3269.02
2018-12-23 20:30:02,Argenteuil,3296.43,4367.29,3274.26,3296.43,4367.29,3274.26
2018-12-30 20:30:02,Argenteuil,3285.71,4368.42,3265.17,3285.71,4368.42,3265.17
2019-01-06 20:30:02,Argenteuil,3275.86,4386.79,3252.19,3275.86,4386.79,3252.19
2019-01-20 20:30:02,Argenteuil,3237.5,4396.62,3232.56,3237.5,4396.62,3232.56
2019-01-27 20:30:02,Argenteuil,3233.77,4500.0,3241.89,3233.77,4500.0,3241.89
2018-10-31 14:39:05,Besançon,2029.41,3444.73,2131.97,2751.43,4690.35,2864.8
2018-11-02 14:18:43,Besançon,1897.18,3219.27,1987.92,1897.18,3219.27,1987.92
2018-11-03 01:00:02,Besançon,1897.18,3219.27,1987.92,1897.18,3219.27,1987.92
2018-11-04 22:39:35,Besançon,1896.55,3207.06,1988.02,1896.55,3207.06,1988.02
2018-11-06 09:33:17,Besançon,1883.53,3222.49,1966.61,1883.53,3222.49,1966.61
2018-11-07 23:25:12,Besançon,2000.0,3200.0,2051.97,2000.0,3200.0,2051.97
2018-11-11 20:30:02,Besançon,1953.49,3220.59,2028.2,1953.49,3220.59,2028.2
2018-11-15 19:09:09,Besançon,1988.37,3193.91,2047.94,1988.37,3193.91,2047.94
2018-11-25 20:30:02,Besançon,1896.91,3223.25,1994.59,1896.91,3223.25,1994.59
2018-12-02 20:30:01,Besançon,2000.0,3191.25,2058.88,2000.0,3191.25,2058.88
2018-12-16 20:30:01,Besançon,1990.48,3167.86,2045.29,1990.48,3167.86,2045.29
2018-12-23 20:30:02,Besançon,2012.99,3167.86,2064.58,2012.99,3167.86,2064.58
2018-12-30 20:30:02,Besançon,2000.0,3170.68,2057.72,2000.0,3170.68,2057.72
2019-01-06 20:30:02,Besançon,2023.89,3200.29,2086.23,2023.89,3200.29,2086.23
2019-01-20 20:30:02,Besançon,2026.67,3202.9,2092.24,2026.67,3202.9,2092.24
2019-01-27 20:30:02,Besançon,2026.67,3202.9,2092.24,2026.67,3202.9,2092.24
2018-11-02 14:18:43,Caen,2222.22,3842.64,2382.61,2222.22,3842.64,2382.61
2018-11-03 01:00:02,Caen,2222.22,3842.64,2382.61,2222.22,3842.64,2382.61
2018-11-04 22:39:35,Caen,2225.68,3839.29,2382.16,2225.68,3839.29,2382.16
2018-11-06 09:33:17,Caen,2395.52,4231.28,2590.16,2395.52,4231.28,2590.16
2018-11-07 23:25:12,Caen,2392.53,4232.43,2589.26,2392.53,4232.43,2589.26
2018-11-11 20:30:02,Caen,2384.62,4233.33,2585.67,2384.62,4233.33,2585.67
2018-11-15 19:09:09,Caen,2358.9,4230.49,2572.54,2358.9,4230.49,2572.54
2018-11-25 20:30:02,Caen,2379.28,4315.89,2599.14,2379.28,4315.89,2599.14
2018-12-02 20:30:01,Caen,2358.9,4300.0,2589.78,2358.9,4300.0,2589.78
2018-12-16 20:30:01,Caen,2358.61,4300.0,2585.18,2358.61,4300.0,2585.18
2018-12-23 20:30:02,Caen,2365.38,4352.0,2595.99,2365.38,4352.0,2595.99
2018-12-30 20:30:02,Caen,2355.56,4312.6,2581.01,2355.56,4312.6,2581.01
2019-01-06 20:30:02,Caen,2406.25,4345.68,2610.28,2406.25,4345.68,2610.28
2019-01-20 20:30:02,Caen,2437.5,4325.58,2626.44,2437.5,4325.58,2626.44
2019-01-27 20:30:02,Caen,2437.5,4325.58,2626.44,2437.5,4325.58,2626.44
2018-10-31 14:39:05,Dijon,2029.41,3444.73,2131.97,2751.43,4690.35,2864.8
2018-11-02 14:18:43,Dijon,2235.29,3640.0,2333.37,2235.29,3640.0,2333.37
2018-11-03 01:00:02,Dijon,2235.29,3640.0,2333.37,2235.29,3640.0,2333.37
2018-11-04 22:39:35,Dijon,2238.1,3640.0,2337.02,2238.1,3640.0,2337.02
2018-11-06 09:33:17,Dijon,2298.0,3791.67,2374.62,2298.0,3791.67,2374.62
2018-11-07 23:25:12,Dijon,2298.0,3800.0,2375.38,2298.0,3800.0,2375.38
2018-11-11 20:30:02,Dijon,2291.67,3791.67,2372.37,2291.67,3791.67,2372.37
2018-11-15 19:09:09,Dijon,2294.59,3777.78,2371.7,2294.59,3777.78,2371.7
2018-11-25 20:30:02,Dijon,2312.5,3791.67,2388.33,2312.5,3791.67,2388.33
2018-12-02 20:30:01,Dijon,2323.53,3792.53,2395.21,2323.53,3792.53,2395.21
2018-12-16 20:30:01,Dijon,2324.42,3800.0,2389.41,2324.42,3800.0,2389.41
2018-12-23 20:30:02,Dijon,2352.94,3841.71,2414.36,2352.94,3841.71,2414.36
2018-12-30 20:30:02,Dijon,2349.4,3818.18,2408.7,2349.4,3818.18,2408.7
2019-01-06 20:30:02,Dijon,2336.73,3805.56,2401.15,2336.73,3805.56,2401.15
2019-01-20 20:30:02,Dijon,2333.33,3805.56,2394.35,2333.33,3805.56,2394.35
2019-01-27 20:30:02,Dijon,2333.33,3805.56,2394.35,2333.33,3805.56,2394.35
2018-10-31 14:39:05,Brest,1445.45,2625.96,1583.5,2751.43,4690.35,2864.8
2018-11-02 14:18:43,Brest,1446.91,2606.12,1581.91,1446.91,2606.12,1581.91
2018-11-03 01:00:02,Brest,1446.91,2606.12,1581.91,1446.91,2606.12,1581.91
2018-11-04 22:39:35,Brest,1453.09,2638.89,1586.72,1453.09,2638.89,1586.72
2018-11-06 09:33:17,Brest,1465.0,2963.5,1620.69,1465.0,2963.5,1620.69
2018-11-07 23:25:12,Brest,1479.34,2888.34,1624.23,1479.34,2888.34,1624.23
2018-11-11 20:30:02,Brest,1466.67,2978.68,1629.93,1466.67,2978.68,1629.93
2018-11-15 19:09:09,Brest,1478.4,2886.95,1623.95,1478.4,2886.95,1623.95
2018-11-25 20:30:02,Brest,1468.22,2979.91,1636.96,1468.22,2979.91,1636.96
2018-12-02 20:30:01,Brest,1464.29,2958.56,1629.0,1464.29,2958.56,1629.0
2018-12-16 20:30:01,Brest,1464.0,2928.57,1625.04,1464.0,2928.57,1625.04
2018-12-23 20:30:02,Brest,1476.19,2888.93,1625.76,1476.19,2888.93,1625.76
2018-12-30 20:30:02,Brest,1464.66,2918.75,1624.52,1464.66,2918.75,1624.52
2019-01-06 20:30:02,Brest,1471.09,2931.82,1636.52,1471.09,2931.82,1636.52
2019-01-20 20:30:02,Brest,1482.76,2879.38,1636.88,1482.76,2879.38,1636.88
2019-01-27 20:30:02,Brest,1476.63,2918.75,1641.5,1476.63,2918.75,1641.5
2018-10-31 14:39:05,Toulouse,1927.3,3398.41,2034.28,1756.62,2649.91,1770.7
2018-11-03 01:00:02,Toulouse,4352.27,6783.12,4372.76,4352.27,6783.12,4372.76
2018-11-04 22:39:35,Toulouse,3654.97,6507.65,3766.02,3654.97,6507.65,3766.02
2018-11-06 09:33:17,Toulouse,4121.25,6505.61,4036.57,4121.25,6505.61,4036.57
2018-11-07 23:25:12,Toulouse,4418.18,6718.75,4426.94,4418.18,6718.75,4426.94
2018-11-11 20:30:02,Toulouse,4416.67,6720.0,4426.5,4416.67,6720.0,4426.5
2018-11-15 19:09:09,Toulouse,4418.18,6727.27,4435.9,4418.18,6727.27,4435.9
2018-11-25 20:30:02,Toulouse,4416.02,6788.99,4444.93,4416.02,6788.99,4444.93
2018-12-02 20:30:01,Toulouse,4400.0,6800.0,4437.59,4400.0,6800.0,4437.59
2018-12-16 20:30:01,Toulouse,4375.0,6817.8,4438.35,4375.0,6817.8,4438.35
2018-12-23 20:30:02,Toulouse,4453.49,7052.63,4585.78,4453.49,7052.63,4585.78
2018-12-30 20:30:02,Toulouse,4100.0,6742.04,4137.22,4100.0,6742.04,4137.22
2019-01-06 20:30:02,Toulouse,4217.95,6727.27,4245.44,4217.95,6727.27,4245.44
2019-01-20 20:30:02,Toulouse,4000.0,6591.82,4033.52,4000.0,6591.82,4033.52
2019-01-27 20:30:02,Toulouse,4107.32,6923.08,4228.39,4107.32,6923.08,4228.39
2018-10-31 14:39:05,Nîmes,1927.3,3398.41,2034.28,1756.62,2649.91,1770.7
2018-11-02 14:18:43,Nîmes,1944.44,3489.02,2068.79,1944.44,3489.02,2068.79
2018-11-03 01:00:02,Nîmes,1935.48,3434.96,2045.85,1935.48,3434.96,2045.85
2018-11-04 22:39:35,Nîmes,1927.42,3437.29,2043.18,1927.42,3437.29,2043.18
2018-11-06 09:33:17,Nîmes,2000.0,3566.22,2145.28,2000.0,3566.22,2145.28
2018-11-07 23:25:12,Nîmes,2000.0,3594.59,2147.95,2000.0,3594.59,2147.95
2018-11-11 20:30:02,Nîmes,2000.0,3600.68,2148.72,2000.0,3600.68,2148.72
2018-11-15 19:09:09,Nîmes,2000.0,3600.68,2149.08,2000.0,3600.68,2149.08
2018-11-25 20:30:02,Nîmes,2023.26,3673.79,2183.74,2023.26,3673.79,2183.74
2018-12-02 20:30:01,Nîmes,2028.57,3719.91,2192.39,2028.57,3719.91,2192.39
2018-12-16 20:30:01,Nîmes,2050.85,3781.25,2229.75,2050.85,3781.25,2229.75
2018-12-23 20:30:02,Nîmes,2053.57,3825.2,2239.1,2053.57,3825.2,2239.1
2018-12-30 20:30:02,Nîmes,2040.49,3781.25,2216.59,2040.49,3781.25,2216.59
2019-01-06 20:30:02,Nîmes,2033.33,3750.0,2202.59,2033.33,3750.0,2202.59
2019-01-20 20:30:02,Nîmes,2000.0,3607.29,2136.04,2000.0,3607.29,2136.04
2019-01-27 20:30:02,Nîmes,2000.0,3607.29,2136.04,2000.0,3607.29,2136.04
2018-10-31 14:39:05,Bordeaux,1927.3,3398.41,2034.28,4551.72,6327.38,4402.23
2018-11-03 01:00:02,Bordeaux,5287.88,7563.13,5327.28,5287.88,7563.13,5327.28
2018-11-04 22:39:35,Bordeaux,5300.0,7565.22,5357.51,5300.0,7565.22,5357.51
2018-11-06 09:33:17,Bordeaux,5222.22,7670.65,5338.37,5222.22,7670.65,5338.37
2018-11-07 23:25:12,Bordeaux,5222.22,7668.54,5337.44,5222.22,7668.54,5337.44
2018-11-11 20:30:02,Bordeaux,5222.22,7668.54,5345.56,5222.22,7668.54,5345.56
2018-11-15 19:09:09,Bordeaux,5203.76,7659.57,5354.37,5203.76,7659.57,5354.37
2018-11-25 20:30:02,Bordeaux,5181.82,7617.55,5322.13,5181.82,7617.55,5322.13
2018-12-02 20:30:01,Bordeaux,5185.19,7615.38,5315.02,5185.19,7615.38,5315.02
2018-12-16 20:30:01,Bordeaux,5173.08,7588.43,5306.48,5173.08,7588.43,5306.48
2018-12-23 20:30:02,Bordeaux,5155.05,7569.96,5287.24,5155.05,7569.96,5287.24
2018-12-30 20:30:02,Bordeaux,5123.96,7565.22,5253.69,5123.96,7565.22,5253.69
2019-01-06 20:30:02,Bordeaux,5190.48,7616.54,5302.89,5190.48,7616.54,5302.89
2019-01-20 20:30:02,Bordeaux,5186.57,7571.43,5275.53,5186.57,7571.43,5275.53
2019-01-27 20:30:02,Bordeaux,5186.57,7571.43,5275.53,5186.57,7571.43,5275.53
2018-10-31 14:39:05,Grenoble,2537.04,4062.01,2546.19,2755.56,4459.01,2742.2
2018-11-04 22:39:35,Grenoble,2674.42,4576.92,2820.9,2674.42,4576.92,2820.9
2018-11-06 09:33:17,Grenoble,2727.27,4628.38,2906.59,2727.27,4628.38,2906.59
2018-11-07 23:25:12,Grenoble,2726.61,4628.38,2906.65,2726.61,4628.38,2906.65
2018-11-11 20:30:02,Grenoble,2648.94,4566.46,2858.99,2648.94,4566.46,2858.99
2018-11-15 19:09:09,Grenoble,2723.43,4628.38,2904.3,2723.43,4628.38,2904.3
2018-11-25 20:30:02,Grenoble,2742.86,4700.0,2928.9,2742.86,4700.0,2928.9
2018-12-02 20:30:01,Grenoble,2759.15,4744.52,2947.51,2759.15,4744.52,2947.51
2018-12-16 20:30:01,Grenoble,2777.78,4766.67,2970.49,2777.78,4766.67,2970.49
2018-12-23 20:30:02,Grenoble,2677.12,4742.21,2884.27,2677.12,4742.21,2884.27
2018-12-30 20:30:02,Grenoble,2694.12,4761.47,2901.12,2694.12,4761.47,2901.12
2019-01-06 20:30:02,Grenoble,2638.47,4696.08,2814.09,2638.47,4696.08,2814.09
2019-01-20 20:30:02,Grenoble,2538.46,4628.38,2720.98,2538.46,4628.38,2720.98
2019-01-27 20:30:02,Grenoble,2533.79,4607.84,2712.19,2533.79,4607.84,2712.19
2018-10-31 14:39:05,Saint-Étienne,2537.04,4062.01,2546.19,1700.0,2646.89,1687.32
2018-11-03 10:40:44,Saint-Étienne,1105.26,2190.36,1288.05,1105.26,2190.36,1288.05
2018-11-04 22:39:35,Saint-Étienne,1105.26,2176.47,1286.01,1105.26,2176.47,1286.01
2018-11-06 09:33:17,Saint-Étienne,1125.0,2444.67,1303.64,1125.0,2444.67,1303.64
2018-11-07 23:25:12,Saint-Étienne,1102.94,2333.33,1270.29,1102.94,2333.33,1270.29
2018-11-11 20:30:02,Saint-Étienne,1103.9,2322.43,1266.78,1103.9,2322.43,1266.78
2018-11-15 19:09:09,Saint-Étienne,1104.35,2305.92,1264.15,1104.35,2305.92,1264.15
2018-11-25 20:30:02,Saint-Étienne,1105.26,2336.73,1265.55,1105.26,2336.73,1265.55
2018-12-02 20:30:01,Saint-Étienne,1108.33,2333.33,1260.72,1108.33,2333.33,1260.72
2018-12-16 20:30:01,Saint-Étienne,1111.11,2352.5,1274.06,1111.11,2352.5,1274.06
2018-12-23 20:30:02,Saint-Étienne,1111.11,2371.68,1277.17,1111.11,2371.68,1277.17
2018-12-30 20:30:02,Saint-Étienne,1103.09,2333.33,1257.2,1103.09,2333.33,1257.2
2019-01-06 20:30:02,Saint-Étienne,1094.44,2333.33,1270.34,1094.44,2333.33,1270.34
2019-01-20 20:30:02,Saint-Étienne,1083.33,2307.69,1255.29,1083.33,2307.69,1255.29
2019-01-27 20:30:02,Saint-Étienne,1083.33,2307.69,1255.29,1083.33,2307.69,1255.29
2018-10-31 14:39:05,Orléans,2225.23,3747.94,2281.15,2180.32,3146.89,2197.37
2018-11-04 22:39:35,Orléans,2256.14,3652.16,2310.8,2256.14,3652.16,2310.8
2018-11-06 09:33:17,Orléans,2265.62,3909.09,2364.83,2265.62,3909.09,2364.83
2018-11-07 23:25:12,Orléans,2250.0,3829.71,2347.3,2250.0,3829.71,2347.3
2018-11-11 20:30:02,Orléans,2265.62,3907.21,2362.49,2265.62,3907.21,2362.49
2018-11-15 19:09:09,Orléans,2270.97,3909.0,2368.0,2270.97,3909.0,2368.0
2018-11-25 20:30:02,Orléans,2253.36,3788.36,2348.23,2253.36,3788.36,2348.23
2018-12-02 20:30:01,Orléans,2299.8,3863.64,2382.42,2299.8,3863.64,2382.42
2018-12-16 20:30:01,Orléans,2296.88,3873.24,2385.11,2296.88,3873.24,2385.11
2018-12-23 20:30:02,Orléans,2240.74,3788.36,2343.26,2240.74,3788.36,2343.26
2018-12-30 20:30:02,Orléans,2250.0,3798.7,2340.22,2250.0,3798.7,2340.22
2019-01-06 20:30:02,Orléans,2245.9,3851.11,2340.64,2245.9,3851.11,2340.64
2019-01-20 20:30:02,Orléans,2201.49,3783.78,2294.72,2201.49,3783.78,2294.72
2019-01-27 20:30:02,Orléans,2217.78,3800.0,2303.95,2217.78,3800.0,2303.95
2018-10-31 14:39:05,Angers,2211.27,3985.16,2346.6,2180.32,3146.89,2197.37
2018-11-04 22:39:35,Angers,2225.62,3996.98,2365.19,2225.62,3996.98,2365.19
2018-11-06 09:33:17,Angers,2305.56,3933.33,2403.18,2305.56,3933.33,2403.18
2018-11-07 23:25:12,Angers,2349.4,3917.52,2435.63,2349.4,3917.52,2435.63
2018-11-11 20:30:02,Angers,2345.45,3907.5,2432.91,2345.45,3907.5,2432.91
2018-11-15 19:09:09,Angers,2344.78,3909.72,2433.16,2344.78,3909.72,2433.16
2018-11-25 20:30:02,Angers,2349.4,3879.43,2437.42,2349.4,3879.43,2437.42
2018-12-02 20:30:01,Angers,2345.12,3833.33,2429.05,2345.12,3833.33,2429.05
2018-12-16 20:30:01,Angers,2310.26,3848.59,2415.62,2310.26,3848.59,2415.62
2018-12-23 20:30:02,Angers,2344.1,3830.0,2434.32,2344.1,3830.0,2434.32
2018-12-30 20:30:02,Angers,2333.33,3830.0,2430.26,2333.33,3830.0,2430.26
2019-01-06 20:30:02,Angers,2354.84,3883.93,2464.96,2354.84,3883.93,2464.96
2019-01-20 20:30:02,Angers,2360.0,3933.33,2477.81,2360.0,3933.33,2477.81
2019-01-27 20:30:02,Angers,2360.0,3933.33,2477.81,2360.0,3933.33,2477.81
2018-10-31 14:39:05,Nantes,3900.82,6071.86,3989.46,1700.0,2646.89,1687.32
2018-11-04 22:39:35,Nantes,3997.56,6154.26,4113.71,3997.56,6154.26,4113.71
2018-11-06 09:33:17,Nantes,4289.47,6854.84,4452.44,4289.47,6854.84,4452.44
2018-11-07 23:25:12,Nantes,4289.47,6854.84,4452.44,4289.47,6854.84,4452.44
2018-11-11 20:30:02,Nantes,4283.58,6819.48,4430.94,4283.58,6819.48,4430.94
2018-11-15 19:09:09,Nantes,4268.29,6794.44,4409.88,4268.29,6794.44,4409.88
2018-11-25 20:30:02,Nantes,4196.97,6764.71,4312.84,4196.97,6764.71,4312.84
2018-12-02 20:30:01,Nantes,4233.92,6794.44,4348.36,4233.92,6794.44,4348.36
2018-12-16 20:30:01,Nantes,4195.96,6764.71,4312.18,4195.96,6764.71,4312.18
2018-12-23 20:30:02,Nantes,4165.0,6705.88,4304.58,4165.0,6705.88,4304.58
2018-12-30 20:30:02,Nantes,4058.82,6568.18,4198.36,4058.82,6568.18,4198.36
2019-01-06 20:30:02,Nantes,4135.91,6786.41,4279.9,4135.91,6786.41,4279.9
2019-01-20 20:30:02,Nantes,4074.0,6772.73,4210.93,4074.0,6772.73,4210.93
2019-01-27 20:30:02,Nantes,4074.0,6772.73,4210.93,4074.0,6772.73,4210.93
2018-10-31 14:39:05,Rennes,3451.09,5679.07,3588.32,1945.34,2900.17,1963.54
2018-11-04 22:39:35,Rennes,3474.03,5705.99,3600.04,3474.03,5705.99,3600.04
2018-11-06 09:33:17,Rennes,3612.82,5706.63,3625.08,3612.82,5706.63,3625.08
2018-11-07 23:25:12,Rennes,3718.74,5732.77,3791.51,3718.74,5732.77,3791.51
2018-11-11 20:30:02,Rennes,3699.32,5717.95,3773.89,3699.32,5717.95,3773.89
2018-11-15 19:09:09,Rennes,3684.62,5717.95,3763.76,3684.62,5717.95,3763.76
2018-11-25 20:30:02,Rennes,3745.0,5742.86,3803.66,3745.0,5742.86,3803.66
2018-12-02 20:30:01,Rennes,3745.0,5733.77,3793.22,3745.0,5733.77,3793.22
2018-12-16 20:30:01,Rennes,3764.04,5742.86,3817.34,3764.04,5742.86,3817.34
2018-12-23 20:30:02,Rennes,3778.05,5744.64,3829.73,3778.05,5744.64,3829.73
2018-12-30 20:30:02,Rennes,3716.66,5742.86,16457.27,3716.66,5742.86,16457.27
2019-01-06 20:30:02,Rennes,3745.83,5823.53,12804.12,3745.83,5823.53,12804.12
2019-01-20 20:30:02,Rennes,3692.31,5815.38,9879.37,3692.31,5815.38,9879.37
2019-01-27 20:30:02,Rennes,3692.31,5815.38,9879.37,3692.31,5815.38,9879.37
2018-10-31 14:39:05,Reims,2176.12,3631.02,2314.62,2180.32,3146.89,2197.37
2018-11-04 22:39:35,Reims,2180.0,3617.51,2322.73,2180.0,3617.51,2322.73
2018-11-06 09:33:17,Reims,2230.77,3720.56,2391.82,2230.77,3720.56,2391.82
2018-11-07 23:25:12,Reims,2161.29,3598.8,2312.67,2161.29,3598.8,2312.67
2018-11-11 20:30:02,Reims,2241.38,3719.64,2403.84,2241.38,3719.64,2403.84
2018-11-15 19:09:09,Reims,2234.85,3713.97,2395.67,2234.85,3713.97,2395.67
2018-11-25 20:30:02,Reims,2223.53,3710.16,2385.6,2223.53,3710.16,2385.6
2018-12-02 20:30:01,Reims,2224.74,3722.0,2387.73,2224.74,3722.0,2387.73
2018-12-16 20:30:01,Reims,2244.43,3806.45,2415.9,2244.43,3806.45,2415.9
2018-12-23 20:30:02,Reims,2166.67,3650.17,2308.96,2166.67,3650.17,2308.96
2018-12-30 20:30:02,Reims,2254.79,3751.74,2411.1,2254.79,3751.74,2411.1
2019-01-06 20:30:02,Reims,2254.9,3773.9,2409.32,2254.9,3773.9,2409.32
2019-01-20 20:30:02,Reims,2179.93,3666.67,2330.17,2179.93,3666.67,2330.17
2019-01-27 20:30:02,Reims,2257.9,3750.0,2402.98,2257.9,3750.0,2402.98
2018-10-31 14:39:05,Tours,2537.04,4062.01,2546.19,1945.34,2900.17,1963.54
2018-11-04 22:39:35,Tours,2322.03,3927.6,2440.2,2322.03,3927.6,2440.2
2018-11-06 09:33:17,Tours,2648.65,4163.33,2652.0,2648.65,4163.33,2652.0
2018-11-07 23:25:12,Tours,2230.77,3926.19,2415.14,2230.77,3926.19,2415.14
2018-11-11 20:30:02,Tours,2235.27,3930.98,2416.55,2235.27,3930.98,2416.55
2018-11-15 19:09:09,Tours,2704.55,4189.19,2694.08,2704.55,4189.19,2694.08
2018-11-25 20:30:02,Tours,2705.47,4209.12,2694.64,2705.47,4209.12,2694.64
2018-12-02 20:30:01,Tours,2230.77,3924.95,2405.84,2230.77,3924.95,2405.84
2018-12-16 20:30:01,Tours,2226.0,3994.57,2425.85,2226.0,3994.57,2425.85
2018-12-23 20:30:02,Tours,2226.0,3994.57,2426.06,2226.0,3994.57,2426.06
2018-12-30 20:30:02,Tours,2241.67,3995.86,2433.22,2241.67,3995.86,2433.22
2019-01-06 20:30:02,Tours,2206.32,3922.44,2400.71,2206.32,3922.44,2400.71
2019-01-20 20:30:02,Tours,2200.0,3892.86,2388.25,2200.0,3892.86,2388.25
2019-01-27 20:30:02,Tours,2200.0,3892.86,2388.25,2200.0,3892.86,2388.25
2018-10-31 14:39:05,Nancy,1481.48,2634.09,1540.77,1710.36,2530.16,1723.02
2018-11-04 22:39:35,Nancy,2000.0,3462.71,2091.4,2000.0,3462.71,2091.4
2018-11-06 09:33:17,Nancy,2047.5,3526.81,2152.21,2047.5,3526.81,2152.21
2018-11-07 23:25:12,Nancy,2310.89,3962.72,2486.95,2310.89,3962.72,2486.95
2018-11-11 20:30:02,Nancy,2140.85,3759.71,2293.75,2140.85,3759.71,2293.75
2018-11-15 19:09:09,Nancy,2050.0,3511.93,2155.2,2050.0,3511.93,2155.2
2018-11-25 20:30:02,Nancy,2066.67,3623.38,2193.85,2066.67,3623.38,2193.85
2018-12-02 20:30:01,Nancy,2066.67,3620.52,2199.66,2066.67,3620.52,2199.66
2018-12-16 20:30:01,Nancy,2073.62,3620.69,2201.72,2073.62,3620.69,2201.72
2018-12-23 20:30:02,Nancy,2310.34,3933.33,2489.43,2310.34,3933.33,2489.43
2018-12-30 20:30:02,Nancy,2078.95,3591.41,6080.45,2078.95,3591.41,6080.45
2019-01-06 20:30:02,Nancy,2086.42,3610.75,4568.16,2086.42,3610.75,4568.16
2019-01-20 20:30:02,Nancy,2315.07,3979.59,6447.97,2315.07,3979.59,6447.97
2019-01-27 20:30:02,Nancy,2296.3,3943.59,6541.2,2296.3,3943.59,6541.2
2018-10-31 14:39:05,Metz,2079.06,3326.78,2127.62,2085.73,3149.28,2132.29
2018-11-04 22:39:35,Metz,2093.02,3339.49,2139.24,2093.02,3339.49,2139.24
2018-11-06 09:33:17,Metz,2168.89,3682.93,2286.41,2168.89,3682.93,2286.41
2018-11-07 23:25:12,Metz,2169.12,3692.92,2288.29,2169.12,3692.92,2288.29
2018-11-11 20:30:02,Metz,2170.73,3695.57,2289.33,2170.73,3695.57,2289.33
2018-11-15 19:09:09,Metz,2168.67,3698.64,2283.97,2168.67,3698.64,2283.97
2018-11-25 20:30:02,Metz,2166.67,3688.09,2277.9,2166.67,3688.09,2277.9
2018-12-02 20:30:01,Metz,2175.19,3715.57,2298.65,2175.19,3715.57,2298.65
2018-12-16 20:30:01,Metz,2180.0,3743.59,2304.63,2180.0,3743.59,2304.63
2018-12-23 20:30:02,Metz,2185.94,3714.29,2311.84,2185.94,3714.29,2311.84
2018-12-30 20:30:02,Metz,2163.72,3693.52,2273.4,2163.72,3693.52,2273.4
2019-01-06 20:30:02,Metz,2173.91,3714.29,2285.6,2173.91,3714.29,2285.6
2019-01-20 20:30:02,Metz,2159.09,3637.72,2239.77,2159.09,3637.72,2239.77
2019-01-27 20:30:02,Metz,2159.09,3637.72,2239.77,2159.09,3637.72,2239.77
2018-10-31 14:39:05,Lille,1611.11,2726.92,1706.93,2309.57,3925.89,2435.63
2018-11-04 22:39:35,Lille,3426.86,5320.66,3507.09,3426.86,5320.66,3507.09
2018-11-06 09:33:17,Lille,3400.76,5246.19,3479.74,3400.76,5246.19,3479.74
2018-11-07 23:25:12,Lille,3394.19,5257.14,3478.73,3394.19,5257.14,3478.73
2018-11-11 20:30:02,Lille,3402.89,5248.88,3477.09,3402.89,5248.88,3477.09
2018-11-15 19:09:09,Lille,3386.36,5243.9,3465.2,3386.36,5243.9,3465.2
2018-11-25 20:30:02,Lille,3426.79,5381.5,3489.45,3426.79,5381.5,3489.45
2018-12-02 20:30:01,Lille,3440.0,5369.57,3493.16,3440.0,5369.57,3493.16
2018-12-16 20:30:01,Lille,3432.77,5384.62,3501.25,3432.77,5384.62,3501.25
2018-12-23 20:30:02,Lille,3431.03,5400.52,3484.8,3431.03,5400.52,3484.8
2018-12-30 20:30:02,Lille,3440.22,5470.59,3524.8,3440.22,5470.59,3524.8
2019-01-06 20:30:02,Lille,3437.5,5533.33,3537.75,3437.5,5533.33,3537.75
2019-01-20 20:30:02,Lille,3432.84,5533.33,3545.81,3432.84,5533.33,3545.81
2019-01-27 20:30:02,Lille,3432.84,5533.33,3545.81,3432.84,5533.33,3545.81
2018-10-31 14:39:05,Roubaix,1703.12,2692.07,1733.81,2309.57,3925.89,2435.63
2018-11-04 22:39:35,Roubaix,1777.78,3018.25,1868.29,1777.78,3018.25,1868.29
2018-11-06 09:33:17,Roubaix,1805.56,3454.47,1958.56,1805.56,3454.47,1958.56
2018-11-07 23:25:12,Roubaix,1507.61,2700.4,1621.05,1507.61,2700.4,1621.05
2018-11-11 20:30:02,Roubaix,1511.57,2700.0,1620.15,1511.57,2700.0,1620.15
2018-11-15 19:09:09,Roubaix,1563.16,2813.18,1705.44,1563.16,2813.18,1705.44
2018-11-25 20:30:02,Roubaix,1514.49,2754.78,1630.14,1514.49,2754.78,1630.14
2018-12-02 20:30:01,Roubaix,1514.71,2761.95,1634.92,1514.71,2761.95,1634.92
2018-12-16 20:30:01,Roubaix,1525.83,3060.0,1664.1,1525.83,3060.0,1664.1
2018-12-23 20:30:02,Roubaix,1573.33,3342.73,1736.18,1573.33,3342.73,1736.18
2018-12-30 20:30:02,Roubaix,1528.85,3000.0,1663.25,1528.85,3000.0,1663.25
2019-01-06 20:30:02,Roubaix,1527.27,2822.58,1652.63,1527.27,2822.58,1652.63
2019-01-20 20:30:02,Roubaix,1527.27,2771.34,1649.4,1527.27,2771.34,1649.4
2019-01-27 20:30:02,Roubaix,1558.82,3183.08,1708.74,1558.82,3183.08,1708.74
2018-10-31 14:39:05,Perpignan,1533.33,2976.08,1665.48,1970.18,3253.51,2046.9
2018-11-04 22:39:35,Perpignan,1535.62,2943.58,1788.26,1535.62,2943.58,1788.26
2018-11-06 09:33:17,Perpignan,1573.33,3095.24,1817.92,1573.33,3095.24,1817.92
2018-11-07 23:25:12,Perpignan,1571.43,3095.24,1746.42,1571.43,3095.24,1746.42
2018-11-11 20:30:02,Perpignan,1571.43,3095.24,1741.57,1571.43,3095.24,1741.57
2018-11-15 19:09:09,Perpignan,1562.5,3095.24,1733.59,1562.5,3095.24,1733.59
2018-11-25 20:30:02,Perpignan,1560.0,3088.83,1726.99,1560.0,3088.83,1726.99
2018-12-02 20:30:01,Perpignan,1549.51,3071.43,1720.9,1549.51,3071.43,1720.9
2018-12-16 20:30:01,Perpignan,1546.73,3071.43,1719.6,1546.73,3071.43,1719.6
2018-12-23 20:30:02,Perpignan,1557.41,3072.8,1722.73,1557.41,3072.8,1722.73
2018-12-30 20:30:02,Perpignan,1543.99,3033.9,1703.55,1543.99,3033.9,1703.55
2019-01-06 20:30:02,Perpignan,1561.4,3049.38,1709.36,1561.4,3049.38,1709.36
2019-01-20 20:30:02,Perpignan,1555.56,3033.9,1699.67,1555.56,3033.9,1699.67
2019-01-27 20:30:02,Perpignan,1555.56,3033.9,1699.67,1555.56,3033.9,1699.67
2018-10-31 14:39:05,Strasbourg,1533.33,2976.08,1665.48,1970.18,3253.51,2046.9
2018-11-04 22:39:35,Strasbourg,3693.18,5668.5,3785.53,3693.18,5668.5,3785.53
2018-11-06 09:33:17,Strasbourg,3867.35,5668.09,3926.27,3867.35,5668.09,3926.27
2018-11-07 23:25:12,Strasbourg,3571.43,5520.0,3707.13,3571.43,5520.0,3707.13
2018-11-11 20:30:02,Strasbourg,3565.16,5520.0,3700.34,3565.16,5520.0,3700.34
2018-11-15 19:09:09,Strasbourg,3565.16,5520.0,3699.13,3565.16,5520.0,3699.13
2018-11-25 20:30:02,Strasbourg,3586.96,5520.83,3706.96,3586.96,5520.83,3706.96
2018-12-02 20:30:01,Strasbourg,3571.43,5528.06,3693.98,3571.43,5528.06,3693.98
2018-12-16 20:30:01,Strasbourg,3546.48,5539.08,3693.35,3546.48,5539.08,3693.35
2018-12-23 20:30:02,Strasbourg,3540.07,5533.33,3694.34,3540.07,5533.33,3694.34
2018-12-30 20:30:02,Strasbourg,3500.0,5569.55,3666.06,3500.0,5569.55,3666.06
2019-01-06 20:30:02,Strasbourg,3523.49,5670.45,3693.35,3523.49,5670.45,3693.35
2019-01-20 20:30:02,Strasbourg,3450.0,5670.45,3631.41,3450.0,5670.45,3631.41
2019-01-27 20:30:02,Strasbourg,3450.0,5670.45,3631.41,3450.0,5670.45,3631.41
2018-10-31 14:39:05,Clermont-Ferrand,1924.53,3374.63,2091.68,1844.64,2594.26,1873.1
2018-11-04 22:39:35,Clermont-Ferrand,1926.83,3333.66,2087.3,1926.83,3333.66,2087.3
2018-11-06 09:33:17,Clermont-Ferrand,2083.72,4570.0,2482.69,2083.72,4570.0,2482.69
2018-11-07 23:25:12,Clermont-Ferrand,2083.72,4570.0,2482.69,2083.72,4570.0,2482.69
2018-11-11 20:30:02,Clermont-Ferrand,2074.07,4570.0,2472.04,2074.07,4570.0,2472.04
2018-11-15 19:09:09,Clermont-Ferrand,2071.43,4570.0,2459.6,2071.43,4570.0,2459.6
2018-11-25 20:30:02,Clermont-Ferrand,2058.82,4523.05,2430.44,2058.82,4523.05,2430.44
2018-12-02 20:30:01,Clermont-Ferrand,2158.11,4692.22,2588.1,2158.11,4692.22,2588.1
2018-12-16 20:30:01,Clermont-Ferrand,2140.94,4688.33,2563.8,2140.94,4688.33,2563.8
2018-12-23 20:30:02,Clermont-Ferrand,2159.26,4692.22,2589.56,2159.26,4692.22,2589.56
2018-12-30 20:30:02,Clermont-Ferrand,2128.71,4675.0,2542.04,2128.71,4675.0,2542.04
2019-01-06 20:30:02,Clermont-Ferrand,2063.49,4623.33,2454.34,2063.49,4623.33,2454.34
2019-01-20 20:30:02,Clermont-Ferrand,2027.03,4517.44,2374.35,2027.03,4517.44,2374.35
2019-01-27 20:30:02,Clermont-Ferrand,2027.03,4517.44,2374.35,2027.03,4517.44,2374.35
2018-10-31 14:39:05,Tourcoing,1703.12,2692.07,1733.81,2309.57,3925.89,2435.63
2018-11-04 22:39:35,Tourcoing,1690.91,2723.82,1789.64,1690.91,2723.82,1789.64
2018-11-06 09:33:17,Tourcoing,1787.88,2988.71,1889.66,1787.88,2988.71,1889.66
2018-11-07 23:25:12,Tourcoing,1741.18,3018.27,1868.07,1741.18,3018.27,1868.07
2018-11-11 20:30:02,Tourcoing,1741.18,2998.39,1868.13,1741.18,2998.39,1868.13
2018-11-15 19:09:09,Tourcoing,1745.1,2990.32,1873.01,1745.1,2990.32,1873.01
2018-11-25 20:30:02,Tourcoing,1793.28,2926.58,1901.19,1793.28,2926.58,1901.19
2018-12-02 20:30:01,Tourcoing,1852.46,3026.08,1942.57,1852.46,3026.08,1942.57
2018-12-16 20:30:01,Tourcoing,1870.81,2995.16,1955.04,1870.81,2995.16,1955.04
2018-12-23 20:30:02,Tourcoing,1870.81,2964.62,1955.15,1870.81,2964.62,1955.15
2018-12-30 20:30:02,Tourcoing,1892.86,2900.0,1961.86,1892.86,2900.0,1961.86
2019-01-06 20:30:02,Tourcoing,1841.59,2819.39,1910.99,1841.59,2819.39,1910.99
2019-01-20 20:30:02,Tourcoing,1796.3,2794.39,1884.38,1796.3,2794.39,1884.38
2019-01-27 20:30:02,Tourcoing,1796.3,2794.39,1884.38,1796.3,2794.39,1884.38
2018-10-31 14:39:05,Mulhouse,1533.33,2976.08,1665.48,2281.25,4322.81,2434.38
2018-11-04 22:39:35,Mulhouse,1375.0,2918.73,1539.15,1375.0,2918.73,1539.15
2018-11-06 09:33:17,Mulhouse,1390.65,3156.25,1602.39,1390.65,3156.25,1602.39
2018-11-07 23:25:12,Mulhouse,1947.22,3518.5,2014.77,1947.22,3518.5,2014.77
2018-11-11 20:30:02,Mulhouse,1915.0,3513.51,1996.7,1915.0,3513.51,1996.7
2018-11-15 19:09:09,Mulhouse,1375.0,3100.0,1580.53,1375.0,3100.0,1580.53
2018-11-25 20:30:02,Mulhouse,1369.23,3051.95,1581.17,1369.23,3051.95,1581.17
2018-12-02 20:30:01,Mulhouse,1929.15,3513.51,1995.95,1929.15,3513.51,1995.95
2018-12-16 20:30:01,Mulhouse,1919.19,3513.27,1989.95,1919.19,3513.27,1989.95
2018-12-23 20:30:02,Mulhouse,1934.7,3511.11,2001.54,1934.7,3511.11,2001.54
2018-12-30 20:30:02,Mulhouse,1898.08,3467.32,5634.13,1898.08,3467.32,5634.13
2019-01-06 20:30:02,Mulhouse,1900.0,3465.36,4359.67,1900.0,3465.36,4359.67
2019-01-20 20:30:02,Mulhouse,1872.0,3478.66,8789.01,1872.0,3478.66,8789.01
2019-01-27 20:30:02,Mulhouse,1872.0,3484.8,8800.44,1872.0,3484.8,8800.44
2018-10-31 14:39:05,Rouen,2548.32,4008.78,2510.4,1888.6,3138.75,1954.77
2018-11-04 22:39:35,Rouen,2539.68,3995.84,2492.38,2539.68,3995.84,2492.38
2018-11-06 09:33:17,Rouen,2597.01,4111.11,2572.71,2597.01,4111.11,2572.71
2018-11-07 23:25:12,Rouen,2626.77,4147.73,2609.34,2626.77,4147.73,2609.34
2018-11-11 20:30:02,Rouen,2625.0,4142.86,2604.3,2625.0,4142.86,2604.3
2018-11-15 19:09:09,Rouen,2617.65,4104.84,2587.7,2617.65,4104.84,2587.7
2018-11-25 20:30:02,Rouen,2636.36,4105.22,2617.8,2636.36,4105.22,2617.8
2018-12-02 20:30:01,Rouen,2640.62,4143.56,2637.91,2640.62,4143.56,2637.91
2018-12-16 20:30:01,Rouen,2656.25,4295.45,2661.16,2656.25,4295.45,2661.16
2018-12-23 20:30:02,Rouen,2656.72,4444.11,2671.71,2656.72,4444.11,2671.71
2018-12-30 20:30:02,Rouen,2636.36,4385.37,2651.44,2636.36,4385.37,2651.44
2019-01-06 20:30:02,Rouen,2637.36,4392.0,2655.33,2637.36,4392.0,2655.33
2019-01-20 20:30:02,Rouen,2616.82,4383.65,2635.94,2616.82,4383.65,2635.94
2019-01-27 20:30:02,Rouen,2616.82,4383.65,2635.94,2616.82,4383.65,2635.94
2018-10-31 14:39:05,Le Havre,4658.77,7599.17,5127.53,1888.6,3138.75,1954.77
2018-11-04 22:39:35,Le Havre,1862.41,3500.0,1994.59,1862.41,3500.0,1994.59
2018-11-06 09:33:17,Le Havre,1893.94,3577.35,2064.22,1893.94,3577.35,2064.22
2018-11-07 23:25:12,Le Havre,1893.94,3580.95,2066.82,1893.94,3580.95,2066.82
2018-11-11 20:30:02,Le Havre,1893.94,3578.43,2067.69,1893.94,3578.43,2067.69
2018-11-15 19:09:09,Le Havre,1896.55,3576.47,2065.65,1896.55,3576.47,2065.65
2018-11-25 20:30:02,Le Havre,1907.14,3567.59,2077.57,1907.14,3567.59,2077.57
2018-12-02 20:30:01,Le Havre,1906.98,3565.22,2071.39,1906.98,3565.22,2071.39
2018-12-16 20:30:01,Le Havre,1900.0,3545.45,2059.85,1900.0,3545.45,2059.85
2018-12-23 20:30:02,Le Havre,1880.0,3536.23,2029.57,1880.0,3536.23,2029.57
2018-12-30 20:30:02,Le Havre,1868.42,3536.23,2022.54,1868.42,3536.23,2022.54
2019-01-06 20:30:02,Le Havre,1857.14,3539.96,2021.99,1857.14,3539.96,2021.99
2019-01-20 20:30:02,Le Havre,1818.18,3536.23,1999.26,1818.18,3536.23,1999.26
2019-01-27 20:30:02,Le Havre,1818.18,3536.23,1999.26,1818.18,3536.23,1999.26
2018-10-31 14:39:05,Le Mans,1481.76,2478.0,1564.57,2762.64,4218.87,2843.96
2018-11-04 22:39:35,Le Mans,1479.32,2476.2,1562.8,1479.32,2476.2,1562.8
2018-11-06 09:33:17,Le Mans,1433.73,2752.89,1550.98,1433.73,2752.89,1550.98
2018-11-07 23:25:12,Le Mans,1500.0,2826.2,1629.99,1500.0,2826.2,1629.99
2018-11-11 20:30:02,Le Mans,1473.62,2794.62,1607.11,1473.62,2794.62,1607.11
2018-11-15 19:09:09,Le Mans,1474.37,2779.72,1606.52,1474.37,2779.72,1606.52
2018-11-25 20:30:02,Le Mans,1562.5,3006.83,1724.82,1562.5,3006.83,1724.82
2018-12-02 20:30:01,Le Mans,1475.0,2766.67,1616.95,1475.0,2766.67,1616.95
2018-12-16 20:30:01,Le Mans,1479.32,2794.53,1626.1,1479.32,2794.53,1626.1
2018-12-23 20:30:02,Le Mans,1537.63,3004.8,1701.98,1537.63,3004.8,1701.98
2018-12-30 20:30:02,Le Mans,1474.36,2794.62,1618.78,1474.36,2794.62,1618.78
2019-01-06 20:30:02,Le Mans,1471.93,2737.7,1607.59,1471.93,2737.7,1607.59
2019-01-20 20:30:02,Le Mans,1471.34,2715.52,1597.38,1471.34,2715.52,1597.38
2019-01-27 20:30:02,Le Mans,1471.34,2715.52,1597.38,1471.34,2715.52,1597.38
2018-10-31 14:39:05,Villeurbanne,2182.38,3617.5,2279.21,2762.64,4218.87,2843.96
2018-11-04 22:39:35,Villeurbanne,3219.36,5473.11,3404.71,3219.36,5473.11,3404.71
2018-11-06 09:33:17,Villeurbanne,3500.0,5750.0,3742.45,3500.0,5750.0,3742.45
2018-11-07 23:25:12,Villeurbanne,3613.84,5784.63,3853.23,3613.84,5784.63,3853.23
2018-11-11 20:30:02,Villeurbanne,3590.36,5767.4,3840.95,3590.36,5767.4,3840.95
2018-11-15 19:09:09,Villeurbanne,3593.75,5772.41,3840.21,3593.75,5772.41,3840.21
2018-11-25 20:30:02,Villeurbanne,3650.39,5816.28,3864.99,3650.39,5816.28,3864.99
2018-12-02 20:30:01,Villeurbanne,3717.95,5865.85,3906.1,3717.95,5865.85,3906.1
2018-12-16 20:30:01,Villeurbanne,3762.89,5850.38,3923.47,3762.89,5850.38,3923.47
2018-12-23 20:30:02,Villeurbanne,3797.75,5872.5,3951.22,3797.75,5872.5,3951.22
2018-12-30 20:30:02,Villeurbanne,3775.4,5871.79,3928.55,3775.4,5871.79,3928.55
2019-01-06 20:30:02,Villeurbanne,3800.0,5876.92,3952.12,3800.0,5876.92,3952.12
2019-01-20 20:30:02,Villeurbanne,3787.88,5892.77,3936.28,3787.88,5892.77,3936.28
2019-01-27 20:30:02,Villeurbanne,3787.88,5892.77,3936.28,3787.88,5892.77,3936.28
2018-10-31 14:39:05,Montpellier,3939.18,4940.19,3780.36,1945.34,2900.17,1963.54
2018-11-04 22:39:35,Montpellier,3621.05,5864.4,3717.99,3621.05,5864.4,3717.99
2018-11-06 09:33:17,Montpellier,3583.33,5847.83,3689.64,3583.33,5847.83,3689.64
2018-11-07 23:25:12,Montpellier,3781.28,6018.57,3835.18,3781.28,6018.57,3835.18
2018-11-11 20:30:02,Montpellier,3684.21,5906.25,3763.09,3684.21,5906.25,3763.09
2018-11-15 19:09:09,Montpellier,3622.22,5865.13,3718.28,3622.22,5865.13,3718.28
2018-11-25 20:30:02,Montpellier,3662.79,5907.67,3751.65,3662.79,5907.67,3751.65
2018-12-02 20:30:01,Montpellier,3700.0,5932.5,3764.49,3700.0,5932.5,3764.49
2018-12-16 20:30:01,Montpellier,3736.45,5937.5,3788.63,3736.45,5937.5,3788.63
2018-12-23 20:30:02,Montpellier,3857.14,6035.71,3891.21,3857.14,6035.71,3891.21
2018-12-30 20:30:02,Montpellier,3687.5,5937.5,3754.77,3687.5,5937.5,3754.77
2019-01-06 20:30:02,Montpellier,3689.13,5983.74,3767.08,3689.13,5983.74,3767.08
2019-01-20 20:30:02,Montpellier,3600.0,5947.37,3699.43,3600.0,5947.37,3699.43
2019-01-27 20:30:02,Montpellier,3600.0,5947.37,3699.43,3600.0,5947.37,3699.43
2018-10-31 14:39:05,Toulon,2894.74,4806.15,3045.75,3839.74,6529.78,3978.63
2018-11-04 22:39:35,Toulon,2505.75,4879.54,2784.52,2505.75,4879.54,2784.52
2018-11-06 09:33:17,Toulon,2580.65,5000.0,2867.09,2580.65,5000.0,2867.09
2018-11-07 23:25:12,Toulon,2536.23,5068.95,2842.57,2536.23,5068.95,2842.57
2018-11-11 20:30:02,Toulon,2538.46,5096.15,2898.53,2538.46,5096.15,2898.53
2018-11-15 19:09:09,Toulon,2541.18,5144.33,2907.97,2541.18,5144.33,2907.97
2018-11-25 20:30:02,Toulon,2583.97,5301.08,2966.4,2583.97,5301.08,2966.4
2018-12-02 20:30:01,Toulon,2594.2,5417.07,2972.91,2594.2,5417.07,2972.91
2018-12-16 20:30:01,Toulon,2599.74,5475.42,2986.74,2599.74,5475.42,2986.74
2018-12-23 20:30:02,Toulon,2614.29,5482.22,2990.54,2614.29,5482.22,2990.54
2018-12-30 20:30:02,Toulon,2590.36,5469.61,2966.98,2590.36,5469.61,2966.98
2019-01-06 20:30:02,Toulon,2554.55,5434.15,2930.98,2554.55,5434.15,2930.98
2019-01-20 20:30:02,Toulon,2500.0,5291.67,2853.44,2500.0,5291.67,2853.44
2019-01-27 20:30:02,Toulon,2500.0,5291.67,2853.44,2500.0,5291.67,2853.44
2018-10-31 14:39:05,Amiens,2337.5,3731.36,2369.9,6640.39,10462.26,6736.2
2018-11-04 22:39:35,Amiens,2088.16,3638.35,2169.9,2088.16,3638.35,2169.9
2018-11-06 09:33:17,Amiens,2466.29,4044.96,2473.17,2466.29,4044.96,2473.17
2018-11-07 23:25:12,Amiens,2308.18,3944.44,2400.67,2308.18,3944.44,2400.67
2018-11-11 20:30:02,Amiens,2307.93,3937.5,2396.65,2307.93,3937.5,2396.65
2018-11-15 19:09:09,Amiens,2300.0,3931.41,2385.34,2300.0,3931.41,2385.34
2018-11-25 20:30:02,Amiens,2286.29,3947.37,2380.21,2286.29,3947.37,2380.21
2018-12-02 20:30:01,Amiens,2308.18,4000.0,2407.58,2308.18,4000.0,2407.58
2018-12-16 20:30:01,Amiens,2306.35,3981.66,2406.0,2306.35,3981.66,2406.0
2018-12-23 20:30:02,Amiens,2308.18,3989.9,2413.76,2308.18,3989.9,2413.76
2018-12-30 20:30:02,Amiens,2276.6,3959.68,2388.29,2276.6,3959.68,2388.29
2019-01-06 20:30:02,Amiens,2250.0,3906.25,2353.63,2250.0,3906.25,2353.63
2019-01-20 20:30:02,Amiens,2232.95,3845.64,2332.73,2232.95,3845.64,2332.73
2019-01-27 20:30:02,Amiens,2232.95,3845.64,2332.73,2232.95,3845.64,2332.73
2018-10-31 14:39:05,Limoges,1807.69,2969.82,1877.34,1525.77,2375.0,1582.22
2018-11-04 22:39:35,Limoges,1347.38,2379.78,1456.88,1347.38,2379.78,1456.88
2018-11-06 09:33:17,Limoges,1357.37,2354.22,1449.67,1357.37,2354.22,1449.67
2018-11-07 23:25:12,Limoges,1385.36,2934.35,1542.64,1385.36,2934.35,1542.64
2018-11-11 20:30:02,Limoges,1351.65,2335.25,1445.31,1351.65,2335.25,1445.31
2018-11-15 19:09:09,Limoges,1350.0,2366.99,1447.44,1350.0,2366.99,1447.44
2018-11-25 20:30:02,Limoges,1353.39,2392.27,1454.45,1353.39,2392.27,1454.45
2018-12-02 20:30:01,Limoges,1360.0,2415.09,1463.22,1360.0,2415.09,1463.22
2018-12-16 20:30:01,Limoges,1364.71,2476.89,1471.31,1364.71,2476.89,1471.31
2018-12-23 20:30:02,Limoges,1369.01,2526.09,1475.74,1369.01,2526.09,1475.74
2018-12-30 20:30:02,Limoges,1363.01,2466.55,1467.52,1363.01,2466.55,1467.52
2019-01-06 20:30:02,Limoges,1538.36,3609.41,1816.89,1538.36,3609.41,1816.89
2019-01-20 20:30:02,Limoges,1554.35,3654.05,1849.46,1554.35,3654.05,1849.46
2019-01-27 20:30:02,Limoges,1554.35,3654.05,1849.46,1554.35,3654.05,1849.46
2018-10-31 14:39:05,Nice,2809.52,4278.59,2851.03,5195.24,12095.74,5694.49
2018-11-04 22:39:35,Nice,4625.0,9000.0,5095.86,4625.0,9000.0,5095.86
2018-11-06 09:33:17,Nice,5000.0,9258.2,5419.02,5000.0,9258.2,5419.02
2018-11-07 23:25:12,Nice,5000.0,9258.2,5419.02,5000.0,9258.2,5419.02
2018-11-11 20:30:02,Nice,5000.0,9257.14,5405.73,5000.0,9257.14,5405.73
2018-11-15 19:09:09,Nice,4979.17,9252.86,5384.61,4979.17,9252.86,5384.61
2018-11-25 20:30:02,Nice,5000.0,9166.67,5370.85,5000.0,9166.67,5370.85
2018-12-02 20:30:01,Nice,5000.0,9162.99,5371.12,5000.0,9162.99,5371.12
2018-12-16 20:30:01,Nice,5061.74,9079.37,5373.18,5061.74,9079.37,5373.18
2018-12-23 20:30:02,Nice,4990.0,9057.84,5337.25,4990.0,9057.84,5337.25
2018-12-30 20:30:02,Nice,5125.0,9062.5,5391.13,5125.0,9062.5,5391.13
2019-01-06 20:30:02,Nice,5102.56,9240.0,5483.71,5102.56,9240.0,5483.71
2019-01-20 20:30:02,Nice,5000.0,9308.64,5471.26,5000.0,9308.64,5471.26
2019-01-27 20:30:02,Nice,5000.0,9308.64,5471.26,5000.0,9308.64,5471.26
2018-11-14 22:55:31,Lyon,5205.63,7472.22,5371.77,5205.63,7472.22,5371.77
2018-11-14 22:55:31,Lyon,5784.12,12366.07,6322.23,5784.12,12366.07,6322.23
2018-11-14 22:55:31,Lyon,4684.21,7535.71,4893.69,4684.21,7535.71,4893.69
2018-11-14 22:55:31,Lyon,5069.44,6922.44,5233.96,5069.44,6922.44,5233.96
2018-11-14 22:55:31,Lyon,5173.08,7181.82,4888.26,5173.08,7181.82,4888.26
2018-11-14 22:55:31,Lyon,6258.06,9158.4,6427.05,6258.06,9158.4,6427.05
2018-11-14 22:55:31,Lyon,4853.66,6478.21,4820.0,4853.66,6478.21,4820.0
2018-11-14 22:55:31,Lyon,4021.28,6333.58,4093.07,4021.28,6333.58,4093.07
2018-11-14 22:55:31,Lyon,3180.85,5186.14,3348.9,3180.85,5186.14,3348.9
