date_extraction,nom_commune,prix_appartement_bas_m2_location,prix_appartement_haut_m2_location,prix_appartement_moyen_m2_location,prix_maison_bas_m2_location,prix_maison_haut_m2_location,prix_maison_moyen_m2_location
2018-10-15 14:57:12,Montreuil,23.24,32.36,22.98,30.45,31.33,30.44
2018-10-31 14:36:13,Montreuil,23.25,32.27,23.04,29.46,31.23,24.23
2018-10-31 18:43:28,Montreuil,12.77,18.4,13.29,16.43,22.67,16.79
2018-11-04 22:38:12,Montreuil,22.57,32.31,22.29,22.57,32.31,22.29
2018-11-06 09:32:57,Montreuil,22.65,32.29,22.34,22.65,32.29,22.34
2018-11-07 23:35:55,Montreuil,22.7,32.29,22.6,22.7,32.29,22.6
2018-11-11 20:00:01,Montreuil,22.7,32.32,22.65,22.7,32.32,22.65
2018-11-15 19:03:05,Montreuil,22.73,33.33,22.87,22.73,33.33,22.87
2018-11-25 20:00:03,Montreuil,23.24,34.14,23.07,23.24,34.14,23.07
2018-12-02 20:00:03,Montreuil,23.52,33.86,23.22,23.52,33.86,23.22
2018-12-09 20:00:03,Montreuil,23.75,34.08,23.37,23.75,34.08,23.37
2018-12-16 20:00:03,Montreuil,23.79,34.63,23.41,23.79,34.63,23.41
2018-12-23 20:00:02,Montreuil,23.75,34.67,23.48,23.75,34.67,23.48
2018-12-30 20:00:03,Montreuil,23.3,35.0,23.39,23.3,35.0,23.39
2019-01-06 20:00:05,Montreuil,23.24,36.11,23.59,23.24,36.11,23.59
2019-01-20 20:00:03,Montreuil,23.3,36.22,23.91,23.3,36.22,23.91
2019-01-27 20:00:03,Montreuil,23.3,36.28,23.91,23.3,36.28,23.91
2018-10-17 09:53:16,Paris,43.31,67.65,42.95,1.58,1.58,1.58
2018-10-31 17:50:17,Paris,12.34,27.98,15.32,19.97,40.72,20.59
2018-10-31 18:43:28,Paris,21.05,32.94,22.42,10.0,14.67,10.57
2018-11-04 22:38:12,Paris,43.14,67.65,44.02,43.14,67.65,44.02
2018-11-06 09:32:57,Paris,43.14,67.65,44.41,43.14,67.65,44.41
2018-11-07 23:35:55,Paris,43.38,67.65,45.18,43.38,67.65,45.18
2018-11-11 20:00:01,Paris,43.14,67.65,44.92,43.14,67.65,44.92
2018-10-17 09:53:16,Paris,39.73,59.09,40.56,1.58,1.58,1.58
2018-10-31 17:50:17,Paris,14.58,15.52,14.58,10.46,18.0,11.93
2018-10-31 18:43:28,Paris,14.04,20.62,13.69,10.46,18.0,11.93
2018-11-04 22:38:12,Paris,38.68,67.09,40.94,38.68,67.09,40.94
2018-11-06 09:32:57,Paris,38.62,66.08,41.01,38.62,66.08,41.01
2018-11-07 23:35:55,Paris,38.62,67.49,47.72,38.62,67.49,47.72
2018-11-11 20:00:01,Paris,38.71,69.24,48.17,38.71,69.24,48.17
2018-10-17 09:53:16,Paris,40.77,60.22,40.61,1.58,1.58,1.58
2018-10-31 18:43:28,Paris,22.08,42.07,24.95,11.27,12.03,11.27
2018-11-04 22:38:12,Paris,39.56,60.7,40.72,39.56,60.7,40.72
2018-11-06 09:32:57,Paris,39.56,60.46,40.68,39.56,60.46,40.68
2018-11-07 23:35:55,Paris,39.56,60.44,40.74,39.56,60.44,40.74
2018-11-11 20:00:01,Paris,39.58,60.71,40.89,39.58,60.71,40.89
2018-11-15 19:03:05,Paris,39.67,60.71,41.0,39.67,60.71,41.0
2018-11-25 20:00:03,Paris,39.57,60.61,41.62,39.57,60.61,41.62
2018-12-02 20:00:03,Paris,39.6,60.71,41.71,39.6,60.71,41.71
2018-12-09 20:00:03,Paris,39.56,61.13,41.87,39.56,61.13,41.87
2018-12-16 20:00:03,Paris,39.57,60.81,41.96,39.57,60.81,41.96
2018-12-23 20:00:02,Paris,40.0,60.69,41.83,40.0,60.69,41.83
2018-12-30 20:00:03,Paris,39.58,59.62,41.44,39.58,59.62,41.44
2019-01-06 20:00:05,Paris,39.23,59.52,40.83,39.23,59.52,40.83
2019-01-20 20:00:03,Paris,38.69,56.67,40.01,38.69,56.67,40.01
2019-01-27 20:00:03,Paris,38.71,56.67,40.03,38.71,56.67,40.03
2018-10-17 09:53:16,Paris,41.94,67.61,43.11,1.58,1.58,1.58
2018-10-31 18:43:28,Paris,41.72,65.2,42.5,12.39,17.03,13.07
2018-11-04 22:38:12,Paris,41.47,64.71,42.81,41.47,64.71,42.81
2018-11-06 09:32:57,Paris,41.51,64.71,43.04,41.51,64.71,43.04
2018-11-07 23:35:55,Paris,41.58,64.71,43.08,41.58,64.71,43.08
2018-11-11 20:00:01,Paris,41.64,64.34,43.21,41.64,64.34,43.21
2018-10-17 09:53:16,Paris,39.2,58.25,41.42,1.58,1.58,1.58
2018-10-31 14:36:13,Paris,40.32,60.0,41.71,10.84,12.59,10.84
2018-10-31 18:43:28,Paris,12.25,13.22,11.25,26.92,26.92,26.92
2018-11-04 22:38:12,Paris,37.12,56.98,38.72,37.12,56.98,38.72
2018-11-06 09:32:57,Paris,37.16,56.83,38.79,37.16,56.83,38.79
2018-11-07 23:35:55,Paris,37.16,56.72,38.79,37.16,56.72,38.79
2018-11-11 20:00:01,Paris,37.2,56.08,38.87,37.2,56.08,38.87
2018-11-15 19:03:05,Paris,37.29,55.88,38.9,37.29,55.88,38.9
2018-11-25 20:00:03,Paris,37.5,57.14,39.05,37.5,57.14,39.05
2018-12-02 20:00:03,Paris,37.5,57.13,38.97,37.5,57.13,38.97
2018-12-09 20:00:03,Paris,37.5,57.0,38.93,37.5,57.0,38.93
2018-12-16 20:00:03,Paris,37.83,56.63,38.98,37.83,56.63,38.98
2018-12-23 20:00:02,Paris,37.94,56.67,39.0,37.94,56.67,39.0
2018-12-30 20:00:03,Paris,36.87,55.88,38.18,36.87,55.88,38.18
2019-01-06 20:00:05,Paris,37.14,56.52,38.59,37.14,56.52,38.59
2019-01-20 20:00:03,Paris,37.21,56.67,38.97,37.21,56.67,38.97
2019-01-27 20:00:03,Paris,37.23,56.67,39.01,37.23,56.67,39.01
2018-10-17 09:53:16,Paris,41.52,64.26,43.16,43.48,43.48,43.48
2018-10-31 18:43:28,Paris,18.99,29.01,19.33,43.48,43.48,43.48
2018-11-04 22:38:12,Paris,41.38,63.89,43.59,41.38,63.89,43.59
2018-11-06 09:32:57,Paris,41.38,63.77,43.67,41.38,63.77,43.67
2018-11-07 23:35:55,Paris,41.38,63.89,43.65,41.38,63.89,43.65
2018-11-11 20:00:01,Paris,41.22,63.89,43.6,41.22,63.89,43.6
2018-11-15 19:03:05,Paris,40.99,63.89,43.46,40.99,63.89,43.46
2018-11-25 20:00:03,Paris,40.7,63.29,42.97,40.7,63.29,42.97
2018-12-02 20:00:03,Paris,40.78,63.59,42.82,40.78,63.59,42.82
2018-12-09 20:00:03,Paris,40.35,63.59,42.58,40.35,63.59,42.58
2018-12-16 20:00:03,Paris,40.68,63.64,42.61,40.68,63.64,42.61
2018-12-23 20:00:02,Paris,40.7,63.16,42.54,40.7,63.16,42.54
2018-12-30 20:00:03,Paris,40.68,63.16,42.61,40.68,63.16,42.61
2019-01-06 20:00:05,Paris,41.3,62.51,42.9,41.3,62.51,42.9
2019-01-20 20:00:03,Paris,41.48,61.0,43.2,41.48,61.0,43.2
2019-01-27 20:00:03,Paris,41.48,61.0,43.3,41.48,61.0,43.3
2018-10-17 09:53:16,Paris,43.1,64.4,45.15,43.48,43.48,43.48
2018-10-31 14:36:13,Paris,42.59,65.34,44.26,10.84,12.59,10.84
2018-10-31 18:43:28,Paris,21.67,38.22,22.17,16.88,16.88,16.88
2018-11-04 22:38:12,Paris,38.33,61.11,40.8,38.33,61.11,40.8
2018-11-06 09:32:57,Paris,38.33,61.15,40.95,38.33,61.15,40.95
2018-11-07 23:35:55,Paris,38.55,61.13,41.01,38.55,61.13,41.01
2018-11-11 20:00:01,Paris,38.42,61.11,40.88,38.42,61.11,40.88
2018-11-15 19:03:05,Paris,38.55,61.16,40.96,38.55,61.16,40.96
2018-11-25 20:00:03,Paris,38.57,61.11,41.0,38.57,61.11,41.0
2018-12-02 20:00:03,Paris,38.69,61.11,41.1,38.69,61.11,41.1
2018-12-09 20:00:03,Paris,38.81,60.71,41.11,38.81,60.71,41.11
2018-12-16 20:00:03,Paris,38.81,61.65,41.2,38.81,61.65,41.2
2018-12-23 20:00:02,Paris,38.99,61.67,41.29,38.99,61.67,41.29
2018-12-30 20:00:03,Paris,38.4,60.0,40.47,38.4,60.0,40.47
2019-01-06 20:00:05,Paris,38.89,60.0,41.01,38.89,60.0,41.01
2019-01-20 20:00:03,Paris,38.89,60.0,41.1,38.89,60.0,41.1
2019-01-27 20:00:03,Paris,38.89,60.0,41.07,38.89,60.0,41.07
2018-10-17 09:53:16,Paris,40.0,63.9,41.54,Inconnu,Inconnu,Inconnu
2018-10-31 18:43:28,Paris,15.97,25.43,16.85,13.88,15.6,13.22
2018-11-04 22:38:12,Paris,38.28,65.92,41.63,38.28,65.92,41.63
2018-11-06 09:32:57,Paris,37.77,66.67,41.1,37.77,66.67,41.1
2018-11-07 23:35:55,Paris,37.78,66.67,41.12,37.78,66.67,41.12
2018-11-11 20:00:01,Paris,37.78,66.03,41.17,37.78,66.03,41.17
2018-11-15 19:03:05,Paris,37.8,64.97,41.26,37.8,64.97,41.26
2018-11-25 20:00:03,Paris,38.39,64.57,41.57,38.39,64.57,41.57
2018-12-02 20:00:03,Paris,38.39,64.92,41.73,38.39,64.92,41.73
2018-12-09 20:00:03,Paris,38.39,64.69,41.69,38.39,64.69,41.69
2018-12-16 20:00:03,Paris,38.55,64.92,41.81,38.55,64.92,41.81
2018-12-23 20:00:02,Paris,38.89,66.05,41.78,38.89,66.05,41.78
2018-12-30 20:00:03,Paris,37.89,62.97,40.92,37.89,62.97,40.92
2019-01-06 20:00:05,Paris,38.12,64.96,41.09,38.12,64.96,41.09
2019-01-20 20:00:03,Paris,37.76,64.86,40.76,37.76,64.86,40.76
2019-01-27 20:00:03,Paris,37.65,65.79,40.8,37.65,65.79,40.8
2018-10-17 09:53:16,Paris,36.36,56.84,38.19,Inconnu,Inconnu,Inconnu
2018-10-31 14:36:13,Paris,37.23,57.04,38.79,0.08,0.08,0.08
2018-10-31 18:43:28,Paris,18.12,25.22,18.32,15.73,17.88,10.99
2018-11-04 22:38:12,Paris,36.25,59.56,37.94,36.25,59.56,37.94
2018-11-06 09:32:57,Paris,36.25,59.22,37.94,36.25,59.22,37.94
2018-11-07 23:35:55,Paris,36.25,58.95,37.96,36.25,58.95,37.96
2018-11-11 20:00:01,Paris,36.25,57.13,37.75,36.25,57.13,37.75
2018-11-15 19:03:05,Paris,36.25,59.45,37.85,36.25,59.45,37.85
2018-11-25 20:00:03,Paris,36.36,58.72,38.09,36.36,58.72,38.09
2018-12-02 20:00:03,Paris,36.72,58.39,38.35,36.72,58.39,38.35
2018-12-09 20:00:03,Paris,36.91,57.65,38.56,36.91,57.65,38.56
2018-12-16 20:00:03,Paris,36.92,56.99,38.58,36.92,56.99,38.58
2018-12-23 20:00:02,Paris,36.67,56.67,38.26,36.67,56.67,38.26
2018-12-30 20:00:03,Paris,36.11,55.69,37.36,36.11,55.69,37.36
2019-01-06 20:00:05,Paris,36.14,55.33,37.41,36.14,55.33,37.41
2019-01-20 20:00:03,Paris,35.71,53.85,37.08,35.71,53.85,37.08
2019-01-27 20:00:03,Paris,35.71,53.85,37.12,35.71,53.85,37.12
2018-10-17 09:53:16,Paris,35.45,59.0,36.51,40.22,40.22,40.22
2018-10-31 14:36:13,Paris,35.36,58.03,36.28,40.22,40.22,40.22
2018-10-31 18:43:28,Paris,23.65,40.27,43.47,12.88,14.11,12.38
2018-11-04 22:38:12,Paris,33.67,55.18,35.46,33.67,55.18,35.46
2018-11-06 09:32:57,Paris,33.46,55.62,35.49,33.46,55.62,35.49
2018-11-07 23:35:55,Paris,33.56,55.68,35.56,33.56,55.68,35.56
2018-11-11 20:00:01,Paris,33.79,55.33,35.65,33.79,55.33,35.65
2018-11-15 19:03:05,Paris,34.0,54.17,35.83,34.0,54.17,35.83
2018-11-25 20:00:03,Paris,34.39,53.33,35.84,34.39,53.33,35.84
2018-12-02 20:00:03,Paris,34.62,53.33,36.1,34.62,53.33,36.1
2018-12-09 20:00:03,Paris,34.62,53.33,36.2,34.62,53.33,36.2
2018-12-16 20:00:03,Paris,34.62,53.33,36.13,34.62,53.33,36.13
2018-12-23 20:00:02,Paris,35.0,53.33,36.2,35.0,53.33,36.2
2018-12-30 20:00:03,Paris,34.51,51.94,35.77,34.51,51.94,35.77
2019-01-06 20:00:05,Paris,34.59,51.92,35.73,34.59,51.92,35.73
2019-01-20 20:00:03,Paris,34.39,51.5,35.6,34.39,51.5,35.6
2019-01-27 20:00:03,Paris,34.4,51.49,35.61,34.4,51.49,35.61
2018-10-17 09:53:16,Paris,35.45,59.0,36.51,67.5,67.5,67.5
2018-10-31 14:36:13,Paris,35.36,58.03,36.28,67.5,67.5,67.5
2018-10-31 18:43:28,Paris,16.67,26.07,17.97,13.55,20.67,14.74
2018-11-04 22:38:12,Paris,34.4,52.18,35.87,34.4,52.18,35.87
2018-11-06 09:32:57,Paris,34.3,52.5,35.91,34.3,52.5,35.91
2018-11-07 23:35:55,Paris,34.44,52.72,35.9,34.44,52.72,35.9
2018-11-11 20:00:01,Paris,34.3,52.19,35.79,34.3,52.19,35.79
2018-11-15 19:03:05,Paris,34.31,52.5,35.93,34.31,52.5,35.93
2018-11-25 20:00:03,Paris,34.48,52.93,36.11,34.48,52.93,36.11
2018-12-02 20:00:03,Paris,34.7,52.82,36.42,34.7,52.82,36.42
2018-12-09 20:00:03,Paris,35.0,53.33,36.72,35.0,53.33,36.72
2018-12-16 20:00:03,Paris,35.53,53.53,37.03,35.53,53.53,37.03
2018-12-23 20:00:02,Paris,35.69,54.39,37.17,35.69,54.39,37.17
2018-12-30 20:00:03,Paris,35.19,53.33,36.76,35.19,53.33,36.76
2019-01-06 20:00:05,Paris,35.38,52.92,36.79,35.38,52.92,36.79
2019-01-20 20:00:03,Paris,35.36,52.3,36.67,35.36,52.3,36.67
2019-01-27 20:00:03,Paris,35.3,52.34,36.64,35.3,52.34,36.64
2018-10-17 09:53:16,Paris,35.45,59.0,36.51,67.5,67.5,67.5
2018-10-31 14:36:13,Paris,35.36,58.03,36.28,67.5,67.5,67.5
2018-10-31 18:43:28,Paris,19.51,38.85,21.7,18.84,35.19,19.81
2018-11-04 22:38:12,Paris,32.09,50.25,33.73,32.09,50.25,33.73
2018-11-06 09:32:57,Paris,32.35,50.0,33.82,32.35,50.0,33.82
2018-11-07 23:35:55,Paris,32.24,50.0,33.78,32.24,50.0,33.78
2018-11-11 20:00:01,Paris,32.36,49.95,33.88,32.36,49.95,33.88
2018-11-15 19:03:05,Paris,32.27,50.0,33.76,32.27,50.0,33.76
2018-11-25 20:00:03,Paris,32.22,50.0,33.86,32.22,50.0,33.86
2018-12-02 20:00:03,Paris,32.14,50.0,33.86,32.14,50.0,33.86
2018-12-09 20:00:03,Paris,32.22,50.37,33.86,32.22,50.37,33.86
2018-12-16 20:00:03,Paris,32.26,51.8,33.86,32.26,51.8,33.86
2018-12-23 20:00:02,Paris,31.8,50.77,32.28,31.8,50.77,32.28
2018-12-30 20:00:03,Paris,32.15,49.9,33.45,32.15,49.9,33.45
2019-01-06 20:00:05,Paris,32.22,49.12,33.4,32.22,49.12,33.4
2019-01-20 20:00:03,Paris,31.7,47.31,33.02,31.7,47.31,33.02
2019-01-27 20:00:03,Paris,31.68,47.15,32.99,31.68,47.15,32.99
2018-10-17 09:53:16,Paris,31.84,51.43,33.42,34.07,34.07,34.07
2018-10-31 14:36:13,Paris,32.06,51.68,33.13,34.53,34.95,34.53
2018-10-31 18:43:28,Paris,20.07,37.5,21.7,11.25,25.6,12.37
2018-11-04 22:38:12,Paris,31.85,47.12,33.05,31.85,47.12,33.05
2018-11-06 09:32:57,Paris,31.85,48.22,33.17,31.85,48.22,33.17
2018-11-07 23:35:55,Paris,31.88,48.59,33.26,31.88,48.59,33.26
2018-11-11 20:00:01,Paris,31.8,49.93,33.25,31.8,49.93,33.25
2018-11-15 19:03:05,Paris,31.67,51.25,33.18,31.67,51.25,33.18
2018-11-25 20:00:03,Paris,31.67,48.94,33.05,31.67,48.94,33.05
2018-12-02 20:00:03,Paris,31.8,49.8,33.19,31.8,49.8,33.19
2018-12-09 20:00:03,Paris,31.77,50.86,33.12,31.77,50.86,33.12
2018-12-16 20:00:03,Paris,32.24,50.64,33.37,32.24,50.64,33.37
2018-12-23 20:00:02,Paris,32.34,51.56,33.45,32.34,51.56,33.45
2018-12-30 20:00:03,Paris,32.31,50.0,33.41,32.31,50.0,33.41
2019-01-06 20:00:05,Paris,32.35,50.0,33.12,32.35,50.0,33.12
2019-01-20 20:00:03,Paris,32.14,47.83,32.91,32.14,47.83,32.91
2019-01-27 20:00:03,Paris,32.05,47.83,32.86,32.05,47.83,32.86
2018-10-17 09:53:16,Paris,33.64,53.12,34.99,34.07,34.07,34.07
2018-10-31 14:36:13,Paris,33.33,53.28,34.75,34.53,34.95,34.53
2018-10-31 18:43:28,Paris,12.34,27.98,15.32,21.25,29.95,18.33
2018-11-04 22:38:12,Paris,31.79,51.25,33.77,31.79,51.25,33.77
2018-11-06 09:32:57,Paris,31.91,50.25,33.75,31.91,50.25,33.75
2018-11-07 23:35:55,Paris,31.82,50.0,33.72,31.82,50.0,33.72
2018-11-11 20:00:01,Paris,31.87,50.0,33.76,31.87,50.0,33.76
2018-11-15 19:03:05,Paris,32.06,50.0,33.94,32.06,50.0,33.94
2018-11-25 20:00:03,Paris,32.14,50.0,34.18,32.14,50.0,34.18
2018-12-02 20:00:03,Paris,32.38,50.0,34.19,32.38,50.0,34.19
2018-12-09 20:00:03,Paris,32.58,52.06,34.58,32.58,52.06,34.58
2018-12-16 20:00:03,Paris,32.57,51.5,34.5,32.57,51.5,34.5
2018-12-23 20:00:02,Paris,32.8,51.63,34.55,32.8,51.63,34.55
2018-12-30 20:00:03,Paris,32.65,50.0,34.23,32.65,50.0,34.23
2019-01-06 20:00:05,Paris,32.86,50.0,34.24,32.86,50.0,34.24
2019-01-20 20:00:03,Paris,32.81,50.0,33.94,32.81,50.0,33.94
2019-01-27 20:00:03,Paris,32.8,49.44,33.9,32.8,49.44,33.9
2018-10-17 09:53:16,Paris,32.89,54.3,35.21,34.07,34.07,34.07
2018-10-31 14:36:13,Paris,32.84,54.17,35.15,34.53,34.95,34.53
2018-10-31 18:43:28,Paris,9.45,16.6,11.16,13.88,15.6,13.22
2018-11-04 22:38:12,Paris,31.94,50.0,33.84,31.94,50.0,33.84
2018-11-06 09:32:57,Paris,32.0,50.0,33.9,32.0,50.0,33.9
2018-11-07 23:35:55,Paris,32.12,50.0,33.93,32.12,50.0,33.93
2018-11-11 20:00:01,Paris,32.02,50.0,33.79,32.02,50.0,33.79
2018-11-15 19:03:05,Paris,32.12,50.0,33.81,32.12,50.0,33.81
2018-11-25 20:00:03,Paris,32.19,49.52,33.81,32.19,49.52,33.81
2018-12-02 20:00:03,Paris,32.32,49.5,33.86,32.32,49.5,33.86
2018-12-09 20:00:03,Paris,32.61,49.54,34.11,32.61,49.54,34.11
2018-12-16 20:00:03,Paris,32.74,49.75,34.19,32.74,49.75,34.19
2018-12-23 20:00:02,Paris,32.73,49.54,34.1,32.73,49.54,34.1
2018-12-30 20:00:03,Paris,32.44,48.75,33.83,32.44,48.75,33.83
2019-01-06 20:00:05,Paris,32.5,48.24,33.79,32.5,48.24,33.79
2019-01-20 20:00:03,Paris,32.43,47.06,33.64,32.43,47.06,33.64
2019-01-27 20:00:03,Paris,32.43,47.06,33.63,32.43,47.06,33.63
2018-10-17 09:53:16,Paris,34.04,60.83,36.36,34.07,34.07,34.07
2018-10-31 14:36:13,Paris,34.38,58.62,36.56,40.89,55.2,40.89
2018-10-31 18:43:28,Paris,14.19,21.77,15.11,40.89,55.2,40.89
2018-11-04 22:38:12,Paris,34.78,56.5,37.11,34.78,56.5,37.11
2018-11-06 09:32:57,Paris,34.76,56.5,37.05,34.76,56.5,37.05
2018-11-07 23:35:55,Paris,34.86,56.5,37.11,34.86,56.5,37.11
2018-11-11 20:00:01,Paris,34.91,56.5,37.13,34.91,56.5,37.13
2018-11-15 19:03:05,Paris,34.93,56.86,37.17,34.93,56.86,37.17
2018-11-25 20:00:03,Paris,34.86,57.52,37.17,34.86,57.52,37.17
2018-12-02 20:00:03,Paris,35.0,57.48,37.23,35.0,57.48,37.23
2018-12-09 20:00:03,Paris,35.0,58.33,37.26,35.0,58.33,37.26
2018-12-16 20:00:03,Paris,35.1,58.33,37.36,35.1,58.33,37.36
2018-12-23 20:00:02,Paris,35.05,58.88,37.36,35.05,58.88,37.36
2018-12-30 20:00:03,Paris,34.75,57.5,36.87,34.75,57.5,36.87
2019-01-06 20:00:05,Paris,34.85,58.02,36.98,34.85,58.02,36.98
2019-01-20 20:00:03,Paris,34.86,56.79,36.88,34.86,56.79,36.88
2019-01-27 20:00:03,Paris,34.78,56.79,38.56,34.78,56.79,38.56
2018-10-17 09:53:16,Paris,35.19,64.48,37.85,20.0,20.0,20.0
2018-10-31 14:36:13,Paris,35.42,62.5,37.81,25.93,31.27,25.93
2018-10-31 18:43:28,Paris,18.35,26.7,19.45,25.93,31.27,25.93
2018-11-04 22:38:12,Paris,34.8,57.5,36.42,34.8,57.5,36.42
2018-11-06 09:32:57,Paris,34.82,57.77,36.53,34.82,57.77,36.53
2018-11-07 23:35:55,Paris,34.8,57.7,36.47,34.8,57.7,36.47
2018-11-11 20:00:01,Paris,34.88,58.33,36.68,34.88,58.33,36.68
2018-11-15 19:03:05,Paris,34.89,58.08,36.7,34.89,58.08,36.7
2018-11-25 20:00:03,Paris,34.94,57.65,36.63,34.94,57.65,36.63
2018-12-02 20:00:03,Paris,35.03,57.19,36.64,35.03,57.19,36.64
2018-12-09 20:00:03,Paris,35.29,57.62,36.83,35.29,57.62,36.83
2018-12-16 20:00:03,Paris,35.42,58.72,37.05,35.42,58.72,37.05
2018-12-23 20:00:02,Paris,35.42,59.0,37.08,35.42,59.0,37.08
2018-12-30 20:00:03,Paris,34.86,56.83,36.7,34.86,56.83,36.7
2019-01-06 20:00:05,Paris,35.0,57.78,37.27,35.0,57.78,37.27
2019-01-20 20:00:03,Paris,34.72,56.25,37.14,34.72,56.25,37.14
2019-01-27 20:00:03,Paris,34.61,56.0,37.09,34.61,56.0,37.09
2018-10-17 09:53:16,Paris,35.19,64.48,37.85,28.35,45.69,28.35
2018-10-31 14:36:13,Paris,35.42,62.5,37.81,28.35,45.69,28.35
2018-10-31 18:43:28,Paris,19.52,33.69,21.02,28.35,45.69,28.35
2018-11-04 22:38:12,Paris,34.21,51.92,35.06,34.21,51.92,35.06
2018-11-06 09:32:57,Paris,34.29,51.85,35.03,34.29,51.85,35.03
2018-11-07 23:35:55,Paris,34.29,51.83,35.0,34.29,51.83,35.0
2018-11-11 20:00:01,Paris,34.29,51.83,35.06,34.29,51.83,35.06
2018-11-15 19:03:05,Paris,34.29,51.45,34.99,34.29,51.45,34.99
2018-11-25 20:00:03,Paris,34.0,51.52,34.92,34.0,51.52,34.92
2018-12-02 20:00:03,Paris,34.21,51.81,35.01,34.21,51.81,35.01
2018-12-09 20:00:03,Paris,34.31,51.84,35.22,34.31,51.84,35.22
2018-12-16 20:00:03,Paris,34.31,51.71,35.22,34.31,51.71,35.22
2018-12-23 20:00:02,Paris,34.21,51.76,35.21,34.21,51.76,35.21
2018-12-30 20:00:03,Paris,33.93,50.5,35.06,33.93,50.5,35.06
2019-01-06 20:00:05,Paris,34.13,51.25,35.18,34.13,51.25,35.18
2019-01-20 20:00:03,Paris,34.05,50.53,35.19,34.05,50.53,35.19
2019-01-27 20:00:03,Paris,34.0,50.5,35.13,34.0,50.5,35.13
2018-10-17 09:53:16,Paris,31.03,50.83,30.28,28.35,45.69,28.35
2018-10-31 14:36:13,Paris,31.03,51.72,30.89,5.56,5.56,5.56
2018-10-31 18:43:28,Paris,12.77,18.4,13.29,4.38,5.44,4.38
2018-11-04 22:38:12,Paris,30.95,51.86,31.9,30.95,51.86,31.9
2018-11-06 09:32:57,Paris,30.83,51.75,31.68,30.83,51.75,31.68
2018-11-07 23:35:55,Paris,30.83,51.72,31.65,30.83,51.72,31.65
2018-11-11 20:00:01,Paris,30.69,51.9,31.47,30.69,51.9,31.47
2018-11-15 19:03:05,Paris,30.68,51.85,31.41,30.68,51.85,31.41
2018-11-25 20:00:03,Paris,30.65,51.03,31.41,30.65,51.03,31.41
2018-12-02 20:00:03,Paris,30.65,51.72,31.24,30.65,51.72,31.24
2018-12-09 20:00:03,Paris,30.61,51.41,31.12,30.61,51.41,31.12
2018-12-16 20:00:03,Paris,30.43,50.68,30.99,30.43,50.68,30.99
2018-12-23 20:00:02,Paris,30.3,50.0,30.84,30.3,50.0,30.84
2018-12-30 20:00:03,Paris,30.26,48.81,30.97,30.26,48.81,30.97
2019-01-06 20:00:05,Paris,30.0,50.0,31.07,30.0,50.0,31.07
2019-01-20 20:00:03,Paris,29.79,50.0,30.93,29.79,50.0,30.93
2019-01-27 20:00:03,Paris,29.73,50.0,30.91,29.73,50.0,30.91
2018-10-17 09:53:16,Paris,32.41,49.55,32.84,46.39,46.39,46.39
2018-10-31 14:36:13,Paris,32.5,51.85,33.07,36.98,45.45,36.98
2018-10-31 18:43:28,Paris,15.33,29.03,20.03,36.98,45.45,36.98
2018-11-04 22:38:12,Paris,31.52,50.0,32.85,31.52,50.0,32.85
2018-11-06 09:32:57,Paris,31.62,50.0,32.87,31.62,50.0,32.87
2018-11-07 23:35:55,Paris,31.75,50.0,32.93,31.75,50.0,32.93
2018-11-11 20:00:01,Paris,31.58,49.6,32.91,31.58,49.6,32.91
2018-11-15 19:03:05,Paris,31.78,49.77,33.09,31.78,49.77,33.09
2018-11-25 20:00:03,Paris,31.74,50.0,32.96,31.74,50.0,32.96
2018-12-02 20:00:03,Paris,31.82,50.04,33.03,31.82,50.04,33.03
2018-12-09 20:00:03,Paris,32.0,51.95,33.28,32.0,51.95,33.28
2018-12-16 20:00:03,Paris,32.0,52.05,33.35,32.0,52.05,33.35
2018-12-23 20:00:02,Paris,32.0,51.89,33.32,32.0,51.89,33.32
2018-12-30 20:00:03,Paris,31.82,50.42,33.29,31.82,50.42,33.29
2019-01-06 20:00:05,Paris,32.0,52.33,33.34,32.0,52.33,33.34
2019-01-20 20:00:03,Paris,31.82,52.3,33.18,31.82,52.3,33.18
2019-01-27 20:00:03,Paris,31.89,51.89,33.19,31.89,51.89,33.19
2018-10-31 14:36:13,Aix-en-Provence,10.98,17.46,11.44,8.99,15.41,9.51
2018-11-02 14:19:14,Aix-en-Provence,7.64,12.04,8.17,7.64,12.04,8.17
2018-11-03 10:40:17,Aix-en-Provence,7.65,11.97,8.21,7.65,11.97,8.21
2018-11-04 22:38:12,Aix-en-Provence,17.69,28.69,18.95,17.69,28.69,18.95
2018-11-06 09:32:57,Aix-en-Provence,17.5,28.61,18.29,17.5,28.61,18.29
2018-11-07 23:35:55,Aix-en-Provence,17.76,28.71,18.98,17.76,28.71,18.98
2018-11-11 20:00:01,Aix-en-Provence,17.76,28.71,18.98,17.76,28.71,18.98
2018-11-15 19:03:05,Aix-en-Provence,17.76,28.71,18.98,17.76,28.71,18.98
2018-11-25 20:00:03,Aix-en-Provence,17.76,28.71,18.98,17.76,28.71,18.98
2018-12-02 20:00:03,Aix-en-Provence,17.76,28.71,18.98,17.76,28.71,18.98
2018-12-09 20:00:03,Aix-en-Provence,17.76,28.71,18.98,17.76,28.71,18.98
2018-12-16 20:00:03,Aix-en-Provence,17.76,28.71,18.98,17.76,28.71,18.98
2018-12-23 20:00:02,Aix-en-Provence,17.76,28.71,18.98,17.76,28.71,18.98
2018-12-30 20:00:03,Aix-en-Provence,17.92,28.93,19.19,17.92,28.93,19.19
2019-01-06 20:00:05,Aix-en-Provence,18.23,29.71,19.58,18.23,29.71,19.58
2019-01-20 20:00:03,Aix-en-Provence,18.57,30.35,19.86,18.57,30.35,19.86
2019-01-27 20:00:03,Aix-en-Provence,18.57,30.28,19.86,18.57,30.28,19.86
2018-11-14 09:36:14,Marseille,13.64,21.91,14.19,13.64,21.91,14.19
2018-11-14 09:36:14,Marseille,16.02,24.0,16.59,16.02,24.0,16.59
2018-11-14 09:36:14,Marseille,15.41,25.07,16.46,15.41,25.07,16.46
2018-11-14 09:36:14,Marseille,16.74,32.46,18.69,16.74,32.46,18.69
2018-11-14 09:35:34,Marseille,14.89,26.67,15.97,14.89,26.67,15.97
2018-11-14 09:36:14,Marseille,16.22,28.77,17.71,16.22,28.77,17.71
2018-11-14 09:36:14,Marseille,14.38,21.55,14.72,14.38,21.55,14.72
2018-11-14 09:36:14,Marseille,14.5,20.88,15.16,14.5,20.88,15.16
2018-11-14 09:36:14,Marseille,16.04,23.6,16.51,16.04,23.6,16.51
2018-11-14 09:36:14,Marseille,13.39,22.72,14.28,13.39,22.72,14.28
2018-11-14 09:36:14,Marseille,14.2,21.26,14.82,14.2,21.26,14.82
2018-11-14 09:36:14,Marseille,14.86,25.98,58.43,14.86,25.98,58.43
2018-11-14 09:36:14,Marseille,14.51,27.83,16.08,14.51,27.83,16.08
2018-11-14 09:36:14,Marseille,14.21,22.63,14.84,14.21,22.63,14.84
2018-11-14 09:36:14,Marseille,12.5,20.43,13.3,12.5,20.43,13.3
2018-11-14 09:36:14,Marseille,13.71,18.49,13.89,13.71,18.49,13.89
2018-10-31 14:36:13,Boulogne-Billancourt,29.88,44.05,31.61,28.05,48.85,33.91
2018-10-31 18:43:28,Boulogne-Billancourt,41.19,63.91,42.86,13.44,13.44,13.44
2018-11-04 22:38:12,Boulogne-Billancourt,29.63,43.87,31.2,29.63,43.87,31.2
2018-11-06 09:32:57,Boulogne-Billancourt,Inconnu,Inconnu,Inconnu,Inconnu,Inconnu,Inconnu
2018-11-07 23:35:55,Boulogne-Billancourt,29.67,43.33,31.09,29.67,43.33,31.09
2018-11-11 20:00:01,Boulogne-Billancourt,29.67,43.33,31.07,29.67,43.33,31.07
2018-11-15 19:03:05,Boulogne-Billancourt,29.85,43.95,31.21,29.85,43.95,31.21
2018-11-25 20:00:03,Boulogne-Billancourt,30.0,44.65,31.36,30.0,44.65,31.36
2018-12-02 20:00:03,Boulogne-Billancourt,30.0,43.89,31.27,30.0,43.89,31.27
2018-12-09 20:00:03,Boulogne-Billancourt,29.88,43.86,31.14,29.88,43.86,31.14
2018-12-16 20:00:03,Boulogne-Billancourt,29.88,44.14,31.17,29.88,44.14,31.17
2018-12-23 20:00:02,Boulogne-Billancourt,29.81,44.33,31.14,29.81,44.33,31.14
2018-12-30 20:00:03,Boulogne-Billancourt,29.55,43.68,30.77,29.55,43.68,30.77
2019-01-06 20:00:05,Boulogne-Billancourt,29.63,43.33,30.8,29.63,43.33,30.8
2019-01-20 20:00:03,Boulogne-Billancourt,29.56,43.03,30.64,29.56,43.03,30.64
2019-01-27 20:00:03,Boulogne-Billancourt,29.51,42.94,30.6,29.51,42.94,30.6
2018-10-31 14:36:13,Argenteuil,18.99,29.01,19.33,21.66,41.67,21.4
2018-10-31 18:43:28,Argenteuil,42.73,65.34,44.36,21.66,41.67,21.4
2018-11-04 22:38:12,Argenteuil,18.89,28.13,19.41,18.89,28.13,19.41
2018-11-06 09:32:57,Argenteuil,19.08,28.05,19.48,19.08,28.05,19.48
2018-11-07 23:35:55,Argenteuil,18.84,27.42,19.32,18.84,27.42,19.32
2018-11-11 20:00:01,Argenteuil,18.65,27.42,19.21,18.65,27.42,19.21
2018-11-15 19:03:05,Argenteuil,18.63,27.42,19.15,18.63,27.42,19.15
2018-11-25 20:00:03,Argenteuil,18.52,27.42,19.07,18.52,27.42,19.07
2018-12-02 20:00:03,Argenteuil,18.64,27.43,19.16,18.64,27.43,19.16
2018-12-09 20:00:03,Argenteuil,18.67,28.14,19.36,18.67,28.14,19.36
2018-12-16 20:00:03,Argenteuil,18.64,28.33,19.45,18.64,28.33,19.45
2018-12-23 20:00:02,Argenteuil,18.7,28.58,19.52,18.7,28.58,19.52
2018-12-30 20:00:03,Argenteuil,18.34,28.38,19.22,18.34,28.38,19.22
2019-01-06 20:00:05,Argenteuil,18.36,30.0,19.33,18.36,30.0,19.33
2019-01-20 20:00:03,Argenteuil,18.18,30.0,19.14,18.18,30.0,19.14
2019-01-27 20:00:03,Argenteuil,18.18,30.0,19.11,18.18,30.0,19.11
2018-10-31 14:36:13,Besançon,10.98,17.18,14.59,10.6,18.99,11.42
2018-11-02 14:19:14,Besançon,10.98,17.17,14.47,10.98,17.17,14.47
2018-11-04 22:38:12,Besançon,10.98,17.0,13.71,10.98,17.0,13.71
2018-11-06 09:32:57,Besançon,10.98,17.03,13.59,10.98,17.03,13.59
2018-11-07 23:35:55,Besançon,10.98,17.0,13.55,10.98,17.0,13.55
2018-11-11 20:00:01,Besançon,11.0,17.0,13.44,11.0,17.0,13.44
2018-11-15 19:03:05,Besançon,11.07,17.21,13.35,11.07,17.21,13.35
2018-11-25 20:00:03,Besançon,11.17,17.31,13.17,11.17,17.31,13.17
2018-12-02 20:00:03,Besançon,11.22,17.5,13.12,11.22,17.5,13.12
2018-12-09 20:00:03,Besançon,11.25,18.0,13.1,11.25,18.0,13.1
2018-12-16 20:00:03,Besançon,11.3,18.18,13.1,11.3,18.18,13.1
2018-12-23 20:00:02,Besançon,11.34,18.4,13.05,11.34,18.4,13.05
2018-12-30 20:00:03,Besançon,11.38,18.33,12.94,11.38,18.33,12.94
2019-01-06 20:00:05,Besançon,11.39,18.36,12.59,11.39,18.36,12.59
2019-01-20 20:00:03,Besançon,11.4,18.35,12.42,11.4,18.35,12.42
2019-01-27 20:00:03,Besançon,11.4,18.34,12.41,11.4,18.34,12.41
2018-10-31 14:36:13,Caen,12.78,20.0,13.42,9.67,20.0,10.85
2018-11-02 14:19:14,Caen,12.39,22.39,13.53,12.39,22.39,13.53
2018-11-04 22:38:12,Caen,12.09,22.5,13.34,12.09,22.5,13.34
2018-11-06 09:32:57,Caen,12.09,21.94,13.34,12.09,21.94,13.34
2018-11-07 23:35:55,Caen,12.11,22.29,13.39,12.11,22.29,13.39
2018-11-11 20:00:01,Caen,12.14,21.95,13.41,12.14,21.95,13.41
2018-11-15 19:03:05,Caen,12.21,22.5,13.53,12.21,22.5,13.53
2018-11-25 20:00:03,Caen,12.3,22.5,13.68,12.3,22.5,13.68
2018-12-02 20:00:03,Caen,12.41,22.66,13.83,12.41,22.66,13.83
2018-12-09 20:00:03,Caen,12.56,22.51,13.92,12.56,22.51,13.92
2018-12-16 20:00:03,Caen,12.57,22.5,13.93,12.57,22.5,13.93
2018-12-23 20:00:02,Caen,12.56,22.57,13.94,12.56,22.57,13.94
2018-12-30 20:00:03,Caen,12.57,22.63,13.94,12.57,22.63,13.94
2019-01-06 20:00:05,Caen,12.5,23.53,14.01,12.5,23.53,14.01
2019-01-20 20:00:03,Caen,12.41,24.59,14.0,12.41,24.59,14.0
2019-01-27 20:00:03,Caen,12.44,24.71,14.03,12.44,24.71,14.03
2018-10-31 14:36:13,Dijon,12.62,21.5,13.67,10.6,18.99,11.42
2018-11-02 14:19:14,Dijon,12.67,21.5,13.68,12.67,21.5,13.68
2018-11-04 22:38:12,Dijon,12.5,21.08,13.55,12.5,21.08,13.55
2018-11-06 09:32:57,Dijon,12.5,21.05,13.56,12.5,21.05,13.56
2018-11-07 23:35:55,Dijon,12.5,21.0,13.54,12.5,21.0,13.54
2018-11-11 20:00:01,Dijon,12.56,21.06,13.56,12.56,21.06,13.56
2018-11-15 19:03:05,Dijon,12.62,21.09,13.58,12.62,21.09,13.58
2018-11-25 20:00:03,Dijon,12.75,21.76,13.73,12.75,21.76,13.73
2018-12-02 20:00:03,Dijon,12.79,22.0,13.79,12.79,22.0,13.79
2018-12-09 20:00:03,Dijon,12.84,22.38,13.93,12.84,22.38,13.93
2018-12-16 20:00:03,Dijon,12.89,22.5,13.99,12.89,22.5,13.99
2018-12-23 20:00:02,Dijon,12.98,22.73,14.05,12.98,22.73,14.05
2018-12-30 20:00:03,Dijon,12.9,22.65,13.98,12.9,22.65,13.98
2019-01-06 20:00:05,Dijon,12.98,22.71,14.09,12.98,22.71,14.09
2019-01-20 20:00:03,Dijon,12.95,22.73,14.05,12.95,22.73,14.05
2019-01-27 20:00:03,Dijon,12.93,22.73,14.04,12.93,22.73,14.04
2018-10-31 14:36:13,Brest,10.18,18.14,10.94,8.51,15.2,8.91
2018-11-02 14:19:14,Brest,9.43,16.51,10.45,9.43,16.51,10.45
2018-11-04 22:38:12,Brest,9.38,16.15,10.29,9.38,16.15,10.29
2018-11-06 09:32:57,Brest,9.37,16.11,10.24,9.37,16.11,10.24
2018-11-07 23:35:55,Brest,9.38,16.11,10.25,9.38,16.11,10.25
2018-11-11 20:00:01,Brest,9.38,16.11,10.26,9.38,16.11,10.26
2018-11-15 19:03:05,Brest,9.41,16.25,10.3,9.41,16.25,10.3
2018-11-25 20:00:03,Brest,9.43,16.25,10.33,9.43,16.25,10.33
2018-12-02 20:00:03,Brest,9.52,16.28,10.38,9.52,16.28,10.38
2018-12-09 20:00:03,Brest,9.58,16.32,10.47,9.58,16.32,10.47
2018-12-16 20:00:03,Brest,9.67,16.5,10.51,9.67,16.5,10.51
2018-12-23 20:00:02,Brest,9.68,16.75,10.57,9.68,16.75,10.57
2018-12-30 20:00:03,Brest,9.68,16.77,10.57,9.68,16.77,10.57
2019-01-06 20:00:05,Brest,9.71,16.76,10.55,9.71,16.76,10.55
2019-01-20 20:00:03,Brest,9.71,16.82,10.55,9.71,16.82,10.55
2019-01-27 20:00:03,Brest,9.72,16.82,10.55,9.72,16.82,10.55
2018-10-31 14:36:13,Toulouse,16.37,26.81,17.52,12.02,16.87,11.6
2018-11-04 22:38:12,Toulouse,14.46,26.0,15.87,14.46,26.0,15.87
2018-11-06 09:32:57,Toulouse,14.32,25.78,15.68,14.32,25.78,15.68
2018-11-07 23:35:55,Toulouse,14.53,25.79,15.86,14.53,25.79,15.86
2018-11-11 20:00:01,Toulouse,14.71,25.78,15.92,14.71,25.78,15.92
2018-11-15 19:03:05,Toulouse,14.81,25.77,16.01,14.81,25.77,16.01
2018-11-25 20:00:03,Toulouse,15.17,26.0,16.23,15.17,26.0,16.23
2018-12-02 20:00:03,Toulouse,15.33,26.0,16.35,15.33,26.0,16.35
2018-12-09 20:00:03,Toulouse,15.53,26.07,16.5,15.53,26.07,16.5
2018-12-16 20:00:03,Toulouse,15.58,26.21,16.56,15.58,26.21,16.56
2018-12-23 20:00:02,Toulouse,15.71,26.37,16.69,15.71,26.37,16.69
2018-12-30 20:00:03,Toulouse,14.78,25.88,16.06,14.78,25.88,16.06
2019-01-06 20:00:05,Toulouse,14.44,25.88,15.91,14.44,25.88,15.91
2019-01-20 20:00:03,Toulouse,14.12,25.75,15.67,14.12,25.75,15.67
2019-01-27 20:00:03,Toulouse,14.05,25.68,15.61,14.05,25.68,15.61
2018-10-31 14:36:13,Nîmes,11.21,18.33,11.9,8.22,12.33,8.74
2018-11-02 14:19:14,Nîmes,11.15,18.32,11.85,11.15,18.32,11.85
2018-11-04 22:38:12,Nîmes,11.11,18.12,11.81,11.11,18.12,11.81
2018-11-06 09:32:57,Nîmes,11.03,17.86,11.71,11.03,17.86,11.71
2018-11-07 23:35:55,Nîmes,11.05,17.86,11.73,11.05,17.86,11.73
2018-11-11 20:00:01,Nîmes,11.06,18.0,11.76,11.06,18.0,11.76
2018-11-15 19:03:05,Nîmes,11.11,18.09,11.8,11.11,18.09,11.8
2018-11-25 20:00:03,Nîmes,11.15,18.16,11.85,11.15,18.16,11.85
2018-12-02 20:00:03,Nîmes,11.16,18.32,11.87,11.16,18.32,11.87
2018-12-09 20:00:03,Nîmes,11.2,18.32,11.91,11.2,18.32,11.91
2018-12-16 20:00:03,Nîmes,11.22,18.33,11.95,11.22,18.33,11.95
2018-12-23 20:00:02,Nîmes,11.22,18.33,11.95,11.22,18.33,11.95
2018-12-30 20:00:03,Nîmes,11.24,18.1,11.91,11.24,18.1,11.91
2019-01-06 20:00:05,Nîmes,11.21,18.33,11.92,11.21,18.33,11.92
2019-01-20 20:00:03,Nîmes,11.14,18.1,11.84,11.14,18.1,11.84
2019-01-27 20:00:03,Nîmes,11.14,18.21,11.84,11.14,18.21,11.84
2018-10-31 14:36:13,Bordeaux,16.37,26.81,17.52,15.65,22.0,15.85
2018-11-04 22:38:12,Bordeaux,18.02,30.46,19.17,18.02,30.46,19.17
2018-11-06 09:32:57,Bordeaux,18.09,30.38,19.41,18.09,30.38,19.41
2018-11-07 23:35:55,Bordeaux,18.06,30.38,19.32,18.06,30.38,19.32
2018-11-11 20:00:01,Bordeaux,18.06,30.38,19.9,18.06,30.38,19.9
2018-11-15 19:03:05,Bordeaux,18.03,30.38,19.83,18.03,30.38,19.83
2018-11-25 20:00:03,Bordeaux,17.82,30.38,21.73,17.82,30.38,21.73
2018-12-02 20:00:03,Bordeaux,17.87,30.83,22.83,17.87,30.83,22.83
2018-12-09 20:00:03,Bordeaux,17.96,31.58,23.31,17.96,31.58,23.31
2018-12-16 20:00:03,Bordeaux,18.02,32.23,24.02,18.02,32.23,24.02
2018-12-23 20:00:02,Bordeaux,18.18,33.49,24.66,18.18,33.49,24.66
2018-12-30 20:00:03,Bordeaux,18.0,33.5,24.87,18.0,33.5,24.87
2019-01-06 20:00:05,Bordeaux,18.06,33.5,24.82,18.06,33.5,24.82
2019-01-20 20:00:03,Bordeaux,17.86,32.65,24.32,17.86,32.65,24.32
2019-01-27 20:00:03,Bordeaux,17.86,33.33,25.11,17.86,33.33,25.11
2018-10-31 14:36:13,Grenoble,13.22,22.5,16.69,12.0,17.87,11.33
2018-11-04 22:38:12,Grenoble,12.98,22.5,15.85,12.98,22.5,15.85
2018-11-06 09:32:57,Grenoble,12.86,22.18,15.0,12.86,22.18,15.0
2018-11-07 23:35:55,Grenoble,12.86,22.18,14.99,12.86,22.18,14.99
2018-11-11 20:00:01,Grenoble,12.88,22.06,14.92,12.88,22.06,14.92
2018-11-15 19:03:05,Grenoble,12.93,22.12,14.92,12.93,22.12,14.92
2018-11-25 20:00:03,Grenoble,13.14,22.32,14.91,13.14,22.32,14.91
2018-12-02 20:00:03,Grenoble,13.27,22.38,14.88,13.27,22.38,14.88
2018-12-09 20:00:03,Grenoble,13.38,22.5,14.89,13.38,22.5,14.89
2018-12-16 20:00:03,Grenoble,13.46,22.66,14.94,13.46,22.66,14.94
2018-12-23 20:00:02,Grenoble,13.51,22.86,14.95,13.51,22.86,14.95
2018-12-30 20:00:03,Grenoble,13.46,22.73,14.83,13.46,22.73,14.83
2019-01-06 20:00:05,Grenoble,13.4,22.75,15.69,13.4,22.75,15.69
2019-01-20 20:00:03,Grenoble,13.14,22.5,15.35,13.14,22.5,15.35
2019-01-27 20:00:03,Grenoble,13.14,22.56,15.27,13.14,22.56,15.27
2018-10-31 14:36:13,Saint-Étienne,13.22,22.5,16.69,9.47,16.85,10.92
2018-11-03 10:40:17,Saint-Étienne,8.67,14.98,9.21,8.67,14.98,9.21
2018-11-04 22:38:12,Saint-Étienne,8.7,15.24,9.27,8.7,15.24,9.27
2018-11-06 09:32:57,Saint-Étienne,8.51,15.06,9.09,8.51,15.06,9.09
2018-11-07 23:35:55,Saint-Étienne,8.53,15.06,9.11,8.53,15.06,9.11
2018-11-11 20:00:01,Saint-Étienne,8.53,15.06,9.14,8.53,15.06,9.14
2018-11-15 19:03:05,Saint-Étienne,8.55,15.09,9.16,8.55,15.09,9.16
2018-11-25 20:00:03,Saint-Étienne,8.57,15.2,9.2,8.57,15.2,9.2
2018-12-02 20:00:03,Saint-Étienne,8.61,15.26,9.25,8.61,15.26,9.25
2018-12-09 20:00:03,Saint-Étienne,8.67,15.45,9.32,8.67,15.45,9.32
2018-12-16 20:00:03,Saint-Étienne,8.71,15.5,9.36,8.71,15.5,9.36
2018-12-23 20:00:02,Saint-Étienne,8.75,15.6,9.53,8.75,15.6,9.53
2018-12-30 20:00:03,Saint-Étienne,8.76,15.5,9.5,8.76,15.5,9.5
2019-01-06 20:00:05,Saint-Étienne,8.73,15.56,9.41,8.73,15.56,9.41
2019-01-20 20:00:03,Saint-Étienne,8.67,15.49,9.31,8.67,15.49,9.31
2019-01-27 20:00:03,Saint-Étienne,8.67,15.5,9.3,8.67,15.5,9.3
2018-10-31 14:36:13,Orléans,12.0,20.0,12.89,10.56,28.96,12.08
2018-11-04 22:38:12,Orléans,11.97,19.59,12.81,11.97,19.59,12.81
2018-11-06 09:32:57,Orléans,11.83,18.41,12.58,11.83,18.41,12.58
2018-11-07 23:35:55,Orléans,11.83,18.42,12.58,11.83,18.42,12.58
2018-11-11 20:00:01,Orléans,11.84,18.45,12.6,11.84,18.45,12.6
2018-11-15 19:03:05,Orléans,11.87,18.76,12.65,11.87,18.76,12.65
2018-11-25 20:00:03,Orléans,11.95,18.93,12.73,11.95,18.93,12.73
2018-12-02 20:00:03,Orléans,12.0,19.0,12.79,12.0,19.0,12.79
2018-12-09 20:00:03,Orléans,12.0,19.39,12.83,12.0,19.39,12.83
2018-12-16 20:00:03,Orléans,12.04,19.5,12.86,12.04,19.5,12.86
2018-12-23 20:00:02,Orléans,12.07,19.56,12.88,12.07,19.56,12.88
2018-12-30 20:00:03,Orléans,12.0,19.37,12.78,12.0,19.37,12.78
2019-01-06 20:00:05,Orléans,12.0,19.37,12.85,12.0,19.37,12.85
2019-01-20 20:00:03,Orléans,11.95,19.0,12.75,11.95,19.0,12.75
2019-01-27 20:00:03,Orléans,11.95,19.0,12.74,11.95,19.0,12.74
2018-10-31 14:36:13,Angers,11.21,17.73,11.93,9.17,12.86,9.23
2018-11-04 22:38:12,Angers,11.18,18.22,11.95,11.18,18.22,11.95
2018-11-06 09:32:57,Angers,10.93,17.25,11.62,10.93,17.25,11.62
2018-11-07 23:35:55,Angers,11.15,17.6,11.91,11.15,17.6,11.91
2018-11-11 20:00:01,Angers,11.32,20.41,12.17,11.32,20.41,12.17
2018-11-15 19:03:05,Angers,11.33,20.97,12.3,11.33,20.97,12.3
2018-11-25 20:00:03,Angers,11.38,20.86,12.42,11.38,20.86,12.42
2018-12-02 20:00:03,Angers,11.43,20.98,12.62,11.43,20.98,12.62
2018-12-09 20:00:03,Angers,11.56,21.73,12.87,11.56,21.73,12.87
2018-12-16 20:00:03,Angers,11.65,21.9,12.93,11.65,21.9,12.93
2018-12-23 20:00:02,Angers,11.77,22.15,12.97,11.77,22.15,12.97
2018-12-30 20:00:03,Angers,11.66,22.11,12.96,11.66,22.11,12.96
2019-01-06 20:00:05,Angers,11.65,22.5,13.06,11.65,22.5,13.06
2019-01-20 20:00:03,Angers,11.62,22.11,13.01,11.62,22.11,13.01
2019-01-27 20:00:03,Angers,11.62,22.11,13.01,11.62,22.11,13.01
2018-10-31 14:36:13,Nantes,13.22,22.5,16.69,13.12,18.7,13.95
2018-11-03 10:40:17,Nantes,14.41,29.65,20.91,14.41,29.65,20.91
2018-11-04 22:38:12,Nantes,14.05,28.03,19.8,14.05,28.03,19.8
2018-11-06 09:32:57,Nantes,13.86,26.88,18.75,13.86,26.88,18.75
2018-11-07 23:35:55,Nantes,14.08,26.95,18.63,14.08,26.95,18.63
2018-11-11 20:00:01,Nantes,14.12,26.79,18.09,14.12,26.79,18.09
2018-11-15 19:03:05,Nantes,14.22,26.67,17.77,14.22,26.67,17.77
2018-11-25 20:00:03,Nantes,14.39,26.39,17.17,14.39,26.39,17.17
2018-12-02 20:00:03,Nantes,14.42,25.82,16.8,14.42,25.82,16.8
2018-12-09 20:00:03,Nantes,14.46,25.92,16.63,14.46,25.92,16.63
2018-12-16 20:00:03,Nantes,14.53,26.32,16.63,14.53,26.32,16.63
2018-12-23 20:00:02,Nantes,14.61,25.91,16.59,14.61,25.91,16.59
2018-12-30 20:00:03,Nantes,14.29,25.38,16.13,14.29,25.38,16.13
2019-01-06 20:00:05,Nantes,14.35,25.0,15.97,14.35,25.0,15.97
2019-01-20 20:00:03,Nantes,14.14,25.0,15.73,14.14,25.0,15.73
2019-01-27 20:00:03,Nantes,14.12,25.0,15.71,14.12,25.0,15.71
2018-10-31 14:36:13,Rennes,13.02,24.7,14.53,10.4,24.0,13.03
2018-11-04 22:38:12,Rennes,13.07,25.07,14.67,13.07,25.07,14.67
2018-11-06 09:32:57,Rennes,13.02,24.61,14.51,13.02,24.61,14.51
2018-11-07 23:35:55,Rennes,13.07,25.53,14.7,13.07,25.53,14.7
2018-11-11 20:00:01,Rennes,13.21,25.34,14.78,13.21,25.34,14.78
2018-11-15 19:03:05,Rennes,13.24,25.48,14.83,13.24,25.48,14.83
2018-11-25 20:00:03,Rennes,13.34,25.89,23.31,13.34,25.89,23.31
2018-12-02 20:00:03,Rennes,13.46,26.07,22.45,13.46,26.07,22.45
2018-12-09 20:00:03,Rennes,13.51,26.37,21.55,13.51,26.37,21.55
2018-12-16 20:00:03,Rennes,13.57,26.15,21.26,13.57,26.15,21.26
2018-12-23 20:00:02,Rennes,13.69,26.67,20.6,13.69,26.67,20.6
2018-12-30 20:00:03,Rennes,13.65,26.21,19.88,13.65,26.21,19.88
2019-01-06 20:00:05,Rennes,13.71,26.67,18.37,13.71,26.67,18.37
2019-01-20 20:00:03,Rennes,13.65,26.55,17.54,13.65,26.55,17.54
2019-01-27 20:00:03,Rennes,13.65,26.56,17.49,13.65,26.56,17.49
2018-10-31 14:36:13,Reims,11.89,21.9,13.84,9.26,13.39,9.45
2018-11-04 22:38:12,Reims,11.98,22.0,13.67,11.98,22.0,13.67
2018-11-06 09:32:57,Reims,11.73,21.64,13.34,11.73,21.64,13.34
2018-11-07 23:35:55,Reims,11.74,21.67,13.34,11.74,21.67,13.34
2018-11-11 20:00:01,Reims,11.76,21.82,13.3,11.76,21.82,13.3
2018-11-15 19:03:05,Reims,11.78,21.88,13.92,11.78,21.88,13.92
2018-11-25 20:00:03,Reims,11.8,21.88,13.83,11.8,21.88,13.83
2018-12-02 20:00:03,Reims,11.83,22.0,13.81,11.83,22.0,13.81
2018-12-09 20:00:03,Reims,11.9,22.22,13.9,11.9,22.22,13.9
2018-12-16 20:00:03,Reims,11.96,22.2,13.89,11.96,22.2,13.89
2018-12-23 20:00:02,Reims,12.0,22.4,13.94,12.0,22.4,13.94
2018-12-30 20:00:03,Reims,12.0,22.39,13.83,12.0,22.39,13.83
2019-01-06 20:00:05,Reims,12.05,22.5,13.63,12.05,22.5,13.63
2019-01-20 20:00:03,Reims,12.0,22.5,13.47,12.0,22.5,13.47
2019-01-27 20:00:03,Reims,12.0,22.5,13.46,12.0,22.5,13.46
2018-10-31 14:36:13,Tours,12.72,24.11,14.24,11.43,22.36,13.37
2018-11-04 22:38:12,Tours,12.34,23.25,13.71,12.34,23.25,13.71
2018-11-06 09:32:57,Tours,12.5,23.33,13.93,12.5,23.33,13.93
2018-11-07 23:35:55,Tours,12.54,23.44,13.98,12.54,23.44,13.98
2018-11-11 20:00:01,Tours,12.56,23.87,14.11,12.56,23.87,14.11
2018-11-15 19:03:05,Tours,12.56,23.86,14.09,12.56,23.86,14.09
2018-11-25 20:00:03,Tours,12.56,23.74,20.72,12.56,23.74,20.72
2018-12-02 20:00:03,Tours,12.62,23.86,20.24,12.62,23.86,20.24
2018-12-09 20:00:03,Tours,12.68,24.0,19.84,12.68,24.0,19.84
2018-12-16 20:00:03,Tours,12.75,24.0,19.61,12.75,24.0,19.61
2018-12-23 20:00:02,Tours,12.77,24.0,19.28,12.77,24.0,19.28
2018-12-30 20:00:03,Tours,12.62,23.61,18.02,12.62,23.61,18.02
2019-01-06 20:00:05,Tours,12.68,23.44,21.28,12.68,23.44,21.28
2019-01-20 20:00:03,Tours,12.57,23.0,19.57,12.57,23.0,19.57
2019-01-27 20:00:03,Tours,12.57,23.0,19.4,12.57,23.0,19.4
2018-10-31 14:36:13,Nancy,11.38,19.38,12.3,8.91,12.35,8.95
2018-11-04 22:38:12,Nancy,11.43,19.25,12.32,11.43,19.25,12.32
2018-11-06 09:32:57,Nancy,11.44,19.46,12.36,11.44,19.46,12.36
2018-11-07 23:35:55,Nancy,11.43,19.44,12.34,11.43,19.44,12.34
2018-11-11 20:00:01,Nancy,11.45,19.44,12.36,11.45,19.44,12.36
2018-11-15 19:03:05,Nancy,11.46,19.3,12.34,11.46,19.3,12.34
2018-11-25 20:00:03,Nancy,11.52,19.29,12.39,11.52,19.29,12.39
2018-12-02 20:00:03,Nancy,11.55,19.36,12.41,11.55,19.36,12.41
2018-12-09 20:00:03,Nancy,11.62,19.57,12.51,11.62,19.57,12.51
2018-12-16 20:00:03,Nancy,11.67,19.59,12.54,11.67,19.59,12.54
2018-12-23 20:00:02,Nancy,11.7,19.64,12.58,11.7,19.64,12.58
2018-12-30 20:00:03,Nancy,11.73,19.69,12.62,11.73,19.69,12.62
2019-01-06 20:00:05,Nancy,11.78,20.0,12.7,11.78,20.0,12.7
2019-01-20 20:00:03,Nancy,11.79,20.5,12.75,11.79,20.5,12.75
2019-01-27 20:00:03,Nancy,11.78,20.5,12.75,11.78,20.5,12.75
2018-10-31 14:36:13,Metz,10.93,17.78,15.29,8.62,16.19,9.64
2018-11-04 22:38:12,Metz,11.08,17.77,14.21,11.08,17.77,14.21
2018-11-06 09:32:57,Metz,10.97,17.46,13.26,10.97,17.46,13.26
2018-11-07 23:35:55,Metz,10.97,17.46,13.24,10.97,17.46,13.24
2018-11-11 20:00:01,Metz,10.89,17.31,13.06,10.89,17.31,13.06
2018-11-15 19:03:05,Metz,10.92,17.5,13.03,10.92,17.5,13.03
2018-11-25 20:00:03,Metz,10.93,17.8,12.96,10.93,17.8,12.96
2018-12-02 20:00:03,Metz,10.96,17.81,12.87,10.96,17.81,12.87
2018-12-09 20:00:03,Metz,11.02,18.12,12.82,11.02,18.12,12.82
2018-12-16 20:00:03,Metz,11.02,18.32,12.78,11.02,18.32,12.78
2018-12-23 20:00:02,Metz,11.06,18.75,12.8,11.06,18.75,12.8
2018-12-30 20:00:03,Metz,11.06,18.52,12.65,11.06,18.52,12.65
2019-01-06 20:00:05,Metz,11.08,18.8,12.41,11.08,18.8,12.41
2019-01-20 20:00:03,Metz,11.11,18.75,12.2,11.11,18.75,12.2
2019-01-27 20:00:03,Metz,11.11,18.72,12.2,11.11,18.72,12.2
2018-10-31 14:36:13,Lille,13.04,20.75,14.86,8.0,9.53,7.71
2018-11-04 22:38:12,Lille,15.23,26.25,16.33,15.23,26.25,16.33
2018-11-06 09:32:57,Lille,15.09,25.56,16.05,15.09,25.56,16.05
2018-11-07 23:35:55,Lille,15.11,25.51,16.07,15.11,25.51,16.07
2018-11-11 20:00:01,Lille,15.12,25.61,16.11,15.12,25.61,16.11
2018-11-15 19:03:05,Lille,15.12,25.62,16.12,15.12,25.62,16.12
2018-11-25 20:00:03,Lille,15.35,25.79,16.33,15.35,25.79,16.33
2018-12-02 20:00:03,Lille,15.53,26.09,16.5,15.53,26.09,16.5
2018-12-09 20:00:03,Lille,15.62,26.16,16.61,15.62,26.16,16.61
2018-12-16 20:00:03,Lille,15.64,26.19,16.65,15.64,26.19,16.65
2018-12-23 20:00:02,Lille,15.71,26.27,16.72,15.71,26.27,16.72
2018-12-30 20:00:03,Lille,15.67,26.31,16.72,15.67,26.31,16.72
2019-01-06 20:00:05,Lille,15.8,26.73,16.89,15.8,26.73,16.89
2019-01-20 20:00:03,Lille,15.74,26.72,16.87,15.74,26.72,16.87
2019-01-27 20:00:03,Lille,15.76,26.75,16.88,15.76,26.75,16.88
2018-10-31 14:36:13,Roubaix,13.04,20.75,14.86,8.89,21.35,10.63
2018-11-04 22:38:12,Roubaix,12.0,24.88,13.68,12.0,24.88,13.68
2018-11-06 09:32:57,Roubaix,11.83,24.44,13.53,11.83,24.44,13.53
2018-11-07 23:35:55,Roubaix,11.93,24.44,13.5,11.93,24.44,13.5
2018-11-11 20:00:01,Roubaix,12.0,24.5,13.6,12.0,24.5,13.6
2018-11-15 19:03:05,Roubaix,11.93,24.5,13.59,11.93,24.5,13.59
2018-11-25 20:00:03,Roubaix,12.0,24.5,13.68,12.0,24.5,13.68
2018-12-02 20:00:03,Roubaix,12.11,25.62,13.87,12.11,25.62,13.87
2018-12-09 20:00:03,Roubaix,12.11,25.0,13.82,12.11,25.0,13.82
2018-12-16 20:00:03,Roubaix,12.12,25.0,13.87,12.12,25.0,13.87
2018-12-23 20:00:02,Roubaix,12.12,25.0,13.88,12.12,25.0,13.88
2018-12-30 20:00:03,Roubaix,12.11,24.5,13.82,12.11,24.5,13.82
2019-01-06 20:00:05,Roubaix,12.22,24.5,14.02,12.22,24.5,14.02
2019-01-20 20:00:03,Roubaix,12.33,24.33,14.06,12.33,24.33,14.06
2019-01-27 20:00:03,Roubaix,12.34,24.33,14.07,12.34,24.33,14.07
2018-10-31 14:36:13,Perpignan,10.6,18.12,11.19,8.33,14.07,8.84
2018-11-04 22:38:12,Perpignan,10.59,18.28,11.15,10.59,18.28,11.15
2018-11-06 09:32:57,Perpignan,10.47,17.18,10.97,10.47,17.18,10.97
2018-11-07 23:35:55,Perpignan,10.47,17.2,10.96,10.47,17.2,10.96
2018-11-11 20:00:01,Perpignan,10.47,17.2,10.96,10.47,17.2,10.96
2018-11-15 19:03:05,Perpignan,10.48,17.14,10.96,10.48,17.14,10.96
2018-11-25 20:00:03,Perpignan,10.5,17.03,10.96,10.5,17.03,10.96
2018-12-02 20:00:03,Perpignan,10.5,17.0,10.94,10.5,17.0,10.94
2018-12-09 20:00:03,Perpignan,10.49,16.87,10.92,10.49,16.87,10.92
2018-12-16 20:00:03,Perpignan,10.49,16.84,10.91,10.49,16.84,10.91
2018-12-23 20:00:02,Perpignan,10.51,16.92,10.94,10.51,16.92,10.94
2018-12-30 20:00:03,Perpignan,10.54,16.77,10.94,10.54,16.77,10.94
2019-01-06 20:00:05,Perpignan,10.56,16.67,10.95,10.56,16.67,10.95
2019-01-20 20:00:03,Perpignan,10.57,16.32,10.92,10.57,16.32,10.92
2019-01-27 20:00:03,Perpignan,10.56,16.32,10.92,10.56,16.32,10.92
2018-10-31 14:36:13,Strasbourg,13.66,25.08,14.95,11.14,20.75,12.92
2018-11-04 22:38:12,Strasbourg,13.66,25.0,14.94,13.66,25.0,14.94
2018-11-06 09:32:57,Strasbourg,13.55,24.75,14.79,13.55,24.75,14.79
2018-11-07 23:35:55,Strasbourg,13.55,24.75,14.78,13.55,24.75,14.78
2018-11-11 20:00:01,Strasbourg,13.55,24.74,14.77,13.55,24.74,14.77
2018-11-15 19:03:05,Strasbourg,13.55,24.83,14.77,13.55,24.83,14.77
2018-11-25 20:00:03,Strasbourg,13.78,24.88,14.95,13.78,24.88,14.95
2018-12-02 20:00:03,Strasbourg,13.83,25.0,15.18,13.83,25.0,15.18
2018-12-09 20:00:03,Strasbourg,13.9,25.0,15.22,13.9,25.0,15.22
2018-12-16 20:00:03,Strasbourg,13.89,25.0,15.21,13.89,25.0,15.21
2018-12-23 20:00:02,Strasbourg,13.95,25.0,15.26,13.95,25.0,15.26
2018-12-30 20:00:03,Strasbourg,13.83,25.0,15.16,13.83,25.0,15.16
2019-01-06 20:00:05,Strasbourg,13.9,25.0,15.25,13.9,25.0,15.25
2019-01-20 20:00:03,Strasbourg,13.86,24.86,15.21,13.86,24.86,15.21
2019-01-27 20:00:03,Strasbourg,13.89,24.84,15.23,13.89,24.84,15.23
2018-10-31 14:36:13,Clermont-Ferrand,9.64,18.26,11.47,9.32,14.24,9.17
2018-11-04 22:38:12,Clermont-Ferrand,11.25,17.83,12.1,11.25,17.83,12.1
2018-11-06 09:32:57,Clermont-Ferrand,11.22,17.6,11.91,11.22,17.6,11.91
2018-11-07 23:35:55,Clermont-Ferrand,11.25,17.74,11.94,11.25,17.74,11.94
2018-11-11 20:00:01,Clermont-Ferrand,11.25,17.92,11.96,11.25,17.92,11.96
2018-11-15 19:03:05,Clermont-Ferrand,11.25,18.11,11.99,11.25,18.11,11.99
2018-11-25 20:00:03,Clermont-Ferrand,11.31,18.18,12.06,11.31,18.18,12.06
2018-12-02 20:00:03,Clermont-Ferrand,11.35,18.49,12.15,11.35,18.49,12.15
2018-12-09 20:00:03,Clermont-Ferrand,11.36,18.59,12.16,11.36,18.59,12.16
2018-12-16 20:00:03,Clermont-Ferrand,11.36,18.6,12.19,11.36,18.6,12.19
2018-12-23 20:00:02,Clermont-Ferrand,11.4,18.81,12.34,11.4,18.81,12.34
2018-12-30 20:00:03,Clermont-Ferrand,11.45,18.89,12.36,11.45,18.89,12.36
2019-01-06 20:00:05,Clermont-Ferrand,11.49,19.0,12.34,11.49,19.0,12.34
2019-01-20 20:00:03,Clermont-Ferrand,11.53,18.9,12.31,11.53,18.9,12.31
2019-01-27 20:00:03,Clermont-Ferrand,11.53,18.89,12.3,11.53,18.89,12.3
2018-10-31 14:36:13,Tourcoing,11.86,21.47,12.51,8.79,18.02,9.61
2018-11-04 22:38:12,Tourcoing,11.78,20.44,12.38,11.78,20.44,12.38
2018-11-06 09:32:57,Tourcoing,11.68,20.31,12.23,11.68,20.31,12.23
2018-11-07 23:35:55,Tourcoing,11.67,20.45,12.24,11.67,20.45,12.24
2018-11-11 20:00:01,Tourcoing,11.66,20.52,12.23,11.66,20.52,12.23
2018-11-15 19:03:05,Tourcoing,11.7,20.52,12.27,11.7,20.52,12.27
2018-11-25 20:00:03,Tourcoing,11.72,21.13,12.32,11.72,21.13,12.32
2018-12-02 20:00:03,Tourcoing,11.75,20.84,12.34,11.75,20.84,12.34
2018-12-09 20:00:03,Tourcoing,11.74,20.86,12.38,11.74,20.86,12.38
2018-12-16 20:00:03,Tourcoing,11.74,21.57,12.41,11.74,21.57,12.41
2018-12-23 20:00:02,Tourcoing,11.71,21.64,12.38,11.71,21.64,12.38
2018-12-30 20:00:03,Tourcoing,11.69,21.67,12.41,11.69,21.67,12.41
2019-01-06 20:00:05,Tourcoing,11.68,22.22,12.55,11.68,22.22,12.55
2019-01-20 20:00:03,Tourcoing,11.67,23.27,12.6,11.67,23.27,12.6
2019-01-27 20:00:03,Tourcoing,11.67,23.12,12.59,11.67,23.12,12.59
2018-10-31 14:36:13,Mulhouse,9.62,17.62,10.48,12.0,20.97,13.1
2018-11-04 22:38:12,Mulhouse,9.63,17.61,10.5,9.63,17.61,10.5
2018-11-06 09:32:57,Mulhouse,9.57,16.96,10.35,9.57,16.96,10.35
2018-11-07 23:35:55,Mulhouse,9.58,16.96,10.34,9.58,16.96,10.34
2018-11-11 20:00:01,Mulhouse,9.6,16.98,10.38,9.6,16.98,10.38
2018-11-15 19:03:05,Mulhouse,9.63,17.16,10.41,9.63,17.16,10.41
2018-11-25 20:00:03,Mulhouse,9.66,16.82,10.41,9.66,16.82,10.41
2018-12-02 20:00:03,Mulhouse,9.67,16.84,10.42,9.67,16.84,10.42
2018-12-09 20:00:03,Mulhouse,9.68,16.87,10.43,9.68,16.87,10.43
2018-12-16 20:00:03,Mulhouse,9.7,16.96,10.45,9.7,16.96,10.45
2018-12-23 20:00:02,Mulhouse,9.71,16.97,10.45,9.71,16.97,10.45
2018-12-30 20:00:03,Mulhouse,9.71,16.84,10.46,9.71,16.84,10.46
2019-01-06 20:00:05,Mulhouse,9.75,16.79,10.46,9.75,16.79,10.46
2019-01-20 20:00:03,Mulhouse,9.75,16.67,10.44,9.75,16.67,10.44
2019-01-27 20:00:03,Mulhouse,9.75,16.67,10.43,9.75,16.67,10.43
2018-10-31 14:36:13,Rouen,13.23,23.21,14.7,10.77,17.58,11.03
2018-11-04 22:38:12,Rouen,13.27,23.25,14.69,13.27,23.25,14.69
2018-11-06 09:32:57,Rouen,13.05,23.12,14.4,13.05,23.12,14.4
2018-11-07 23:35:55,Rouen,13.06,23.12,14.45,13.06,23.12,14.45
2018-11-11 20:00:01,Rouen,13.07,23.02,14.41,13.07,23.02,14.41
2018-11-15 19:03:05,Rouen,13.1,23.12,14.44,13.1,23.12,14.44
2018-11-25 20:00:03,Rouen,13.11,23.16,14.43,13.11,23.16,14.43
2018-12-02 20:00:03,Rouen,13.19,23.33,14.52,13.19,23.33,14.52
2018-12-09 20:00:03,Rouen,13.32,23.33,14.6,13.32,23.33,14.6
2018-12-16 20:00:03,Rouen,13.33,23.33,14.64,13.33,23.33,14.64
2018-12-23 20:00:02,Rouen,13.52,23.33,14.71,13.52,23.33,14.71
2018-12-30 20:00:03,Rouen,13.33,23.34,14.6,13.33,23.34,14.6
2019-01-06 20:00:05,Rouen,13.4,23.57,14.64,13.4,23.57,14.64
2019-01-20 20:00:03,Rouen,13.24,23.57,14.49,13.24,23.57,14.49
2019-01-27 20:00:03,Rouen,13.24,23.68,14.49,13.24,23.68,14.49
2018-10-31 14:36:13,Le Havre,18.18,32.55,19.31,10.11,17.83,10.11
2018-11-04 22:38:12,Le Havre,11.54,20.0,12.58,11.54,20.0,12.58
2018-11-06 09:32:57,Le Havre,11.48,19.6,29127.93,11.48,19.6,29127.93
2018-11-07 23:35:55,Le Havre,11.48,19.6,28597.77,11.48,19.6,28597.77
2018-11-11 20:00:01,Le Havre,11.54,19.6,26519.44,11.54,19.6,26519.44
2018-11-15 19:03:05,Le Havre,11.55,20.0,25756.55,11.55,20.0,25756.55
2018-11-25 20:00:03,Le Havre,11.62,20.0,22845.2,11.62,20.0,22845.2
2018-12-02 20:00:03,Le Havre,11.62,20.28,21256.19,11.62,20.28,21256.19
2018-12-09 20:00:03,Le Havre,11.67,20.9,19858.67,11.67,20.9,19858.67
2018-12-16 20:00:03,Le Havre,11.69,20.9,18963.94,11.69,20.9,18963.94
2018-12-23 20:00:02,Le Havre,11.71,21.11,17818.98,11.71,21.11,17818.98
2018-12-30 20:00:03,Le Havre,11.7,20.84,15339.06,11.7,20.84,15339.06
2019-01-06 20:00:05,Le Havre,11.63,20.83,9418.74,11.63,20.83,9418.74
2019-01-20 20:00:03,Le Havre,11.59,20.48,6049.53,11.59,20.48,6049.53
2019-01-27 20:00:03,Le Havre,11.59,20.45,5957.61,11.59,20.45,5957.61
2018-10-31 14:36:13,Le Mans,10.21,16.96,10.97,8.57,14.25,8.88
2018-11-04 22:38:12,Le Mans,10.21,16.82,10.89,10.21,16.82,10.89
2018-11-06 09:32:57,Le Mans,10.09,16.67,10.74,10.09,16.67,10.74
2018-11-07 23:35:55,Le Mans,10.08,16.81,10.75,10.08,16.81,10.75
2018-11-11 20:00:01,Le Mans,10.07,16.81,10.73,10.07,16.81,10.73
2018-11-15 19:03:05,Le Mans,10.1,16.89,11.67,10.1,16.89,11.67
2018-11-25 20:00:03,Le Mans,10.14,16.95,11.6,10.14,16.95,11.6
2018-12-02 20:00:03,Le Mans,10.18,17.34,11.62,10.18,17.34,11.62
2018-12-09 20:00:03,Le Mans,10.21,17.65,11.61,10.21,17.65,11.61
2018-12-16 20:00:03,Le Mans,10.21,17.89,11.64,10.21,17.89,11.64
2018-12-23 20:00:02,Le Mans,10.22,17.8,11.58,10.22,17.8,11.58
2018-12-30 20:00:03,Le Mans,10.19,17.73,11.46,10.19,17.73,11.46
2019-01-06 20:00:05,Le Mans,10.22,17.73,11.51,10.22,17.73,11.51
2019-01-20 20:00:03,Le Mans,10.19,17.5,11.34,10.19,17.5,11.34
2019-01-27 20:00:03,Le Mans,10.19,17.44,11.33,10.19,17.44,11.33
2018-10-31 14:36:13,Villeurbanne,14.0,24.99,15.28,13.26,32.17,16.24
2018-11-04 22:38:12,Villeurbanne,14.27,25.7,15.78,14.27,25.7,15.78
2018-11-06 09:32:57,Villeurbanne,13.83,24.0,15.08,13.83,24.0,15.08
2018-11-07 23:35:55,Villeurbanne,13.88,24.14,15.15,13.88,24.14,15.15
2018-11-11 20:00:01,Villeurbanne,13.97,24.02,15.19,13.97,24.02,15.19
2018-11-15 19:03:05,Villeurbanne,14.02,24.44,15.26,14.02,24.44,15.26
2018-11-25 20:00:03,Villeurbanne,14.11,24.79,15.31,14.11,24.79,15.31
2018-12-02 20:00:03,Villeurbanne,14.25,25.0,15.34,14.25,25.0,15.34
2018-12-09 20:00:03,Villeurbanne,14.31,25.64,15.35,14.31,25.64,15.35
2018-12-16 20:00:03,Villeurbanne,14.37,25.68,15.42,14.37,25.68,15.42
2018-12-23 20:00:02,Villeurbanne,14.43,25.96,15.53,14.43,25.96,15.53
2018-12-30 20:00:03,Villeurbanne,14.41,25.88,15.53,14.41,25.88,15.53
2019-01-06 20:00:05,Villeurbanne,14.52,26.05,15.63,14.52,26.05,15.63
2019-01-20 20:00:03,Villeurbanne,14.56,25.88,15.61,14.56,25.88,15.61
2019-01-27 20:00:03,Villeurbanne,14.57,25.88,15.64,14.57,25.88,15.64
2018-10-31 14:36:13,Montpellier,10.0,15.67,10.24,13.0,22.66,13.96
2018-11-04 22:38:12,Montpellier,14.89,23.8,15.8,14.89,23.8,15.8
2018-11-06 09:32:57,Montpellier,14.88,23.8,15.78,14.88,23.8,15.78
2018-11-07 23:35:55,Montpellier,14.93,23.8,15.85,14.93,23.8,15.85
2018-11-11 20:00:01,Montpellier,15.0,23.8,15.91,15.0,23.8,15.91
2018-11-15 19:03:05,Montpellier,15.0,23.81,15.92,15.0,23.81,15.92
2018-11-25 20:00:03,Montpellier,15.0,23.68,15.92,15.0,23.68,15.92
2018-12-02 20:00:03,Montpellier,15.12,23.8,15.96,15.12,23.8,15.96
2018-12-09 20:00:03,Montpellier,15.12,23.81,15.97,15.12,23.81,15.97
2018-12-16 20:00:03,Montpellier,15.17,23.81,15.98,15.17,23.81,15.98
2018-12-23 20:00:02,Montpellier,15.21,23.95,16.03,15.21,23.95,16.03
2018-12-30 20:00:03,Montpellier,15.12,23.81,15.94,15.12,23.81,15.94
2019-01-06 20:00:05,Montpellier,15.12,23.95,15.99,15.12,23.95,15.99
2019-01-20 20:00:03,Montpellier,15.1,24.0,15.98,15.1,24.0,15.98
2019-01-27 20:00:03,Montpellier,15.11,24.0,15.99,15.11,24.0,15.99
2018-10-31 14:36:13,Toulon,13.38,22.12,14.42,13.58,24.0,14.2
2018-11-04 22:38:12,Toulon,13.41,22.79,14.47,13.41,22.79,14.47
2018-11-06 09:32:57,Toulon,13.16,22.0,13.98,13.16,22.0,13.98
2018-11-07 23:35:55,Toulon,13.14,22.0,13.95,13.14,22.0,13.95
2018-11-11 20:00:01,Toulon,13.17,22.0,13.97,13.17,22.0,13.97
2018-11-15 19:03:05,Toulon,13.17,22.0,13.95,13.17,22.0,13.95
2018-11-25 20:00:03,Toulon,13.2,22.08,13.98,13.2,22.08,13.98
2018-12-02 20:00:03,Toulon,13.24,22.22,14.01,13.24,22.22,14.01
2018-12-09 20:00:03,Toulon,13.28,22.22,14.04,13.28,22.22,14.04
2018-12-16 20:00:03,Toulon,13.29,22.14,14.05,13.29,22.14,14.05
2018-12-23 20:00:02,Toulon,13.33,22.14,14.08,13.33,22.14,14.08
2018-12-30 20:00:03,Toulon,13.2,22.0,13.96,13.2,22.0,13.96
2019-01-06 20:00:05,Toulon,13.12,21.43,13.85,13.12,21.43,13.85
2019-01-20 20:00:03,Toulon,13.0,20.87,13.69,13.0,20.87,13.69
2019-01-27 20:00:03,Toulon,13.0,21.0,13.69,13.0,21.0,13.69
2018-10-31 14:36:13,Amiens,14.09,24.69,15.58,10.8,21.8,11.64
2018-11-04 22:38:12,Amiens,14.12,24.65,15.54,14.12,24.65,15.54
2018-11-06 09:32:57,Amiens,13.89,24.41,15.34,13.89,24.41,15.34
2018-11-07 23:35:55,Amiens,13.81,24.38,15.33,13.81,24.38,15.33
2018-11-11 20:00:01,Amiens,13.81,24.31,15.31,13.81,24.31,15.31
2018-11-15 19:03:05,Amiens,13.94,24.41,15.35,13.94,24.41,15.35
2018-11-25 20:00:03,Amiens,14.09,24.45,15.43,14.09,24.45,15.43
2018-12-02 20:00:03,Amiens,14.09,24.45,15.43,14.09,24.45,15.43
2018-12-09 20:00:03,Amiens,14.12,24.41,15.45,14.12,24.41,15.45
2018-12-16 20:00:03,Amiens,14.17,24.41,15.45,14.17,24.41,15.45
2018-12-23 20:00:02,Amiens,14.23,24.47,15.48,14.23,24.47,15.48
2018-12-30 20:00:03,Amiens,14.17,24.45,16.08,14.17,24.45,16.08
2019-01-06 20:00:05,Amiens,14.23,24.74,15.91,14.23,24.74,15.91
2019-01-20 20:00:03,Amiens,14.1,24.74,16.43,14.1,24.74,16.43
2019-01-27 20:00:03,Amiens,14.05,24.8,16.88,14.05,24.8,16.88
2018-10-31 14:36:13,Limoges,10.0,15.91,10.9,8.14,10.83,8.28
2018-11-04 22:38:12,Limoges,10.05,15.79,10.88,10.05,15.79,10.88
2018-11-06 09:32:57,Limoges,10.0,15.36,10.67,10.0,15.36,10.67
2018-11-07 23:35:55,Limoges,10.0,15.36,10.65,10.0,15.36,10.65
2018-11-11 20:00:01,Limoges,10.0,15.49,10.66,10.0,15.49,10.66
2018-11-15 19:03:05,Limoges,10.0,15.59,10.66,10.0,15.59,10.66
2018-11-25 20:00:03,Limoges,10.0,15.5,10.64,10.0,15.5,10.64
2018-12-02 20:00:03,Limoges,10.0,15.72,10.67,10.0,15.72,10.67
2018-12-09 20:00:03,Limoges,10.0,15.76,10.67,10.0,15.76,10.67
2018-12-16 20:00:03,Limoges,10.0,15.74,10.67,10.0,15.74,10.67
2018-12-23 20:00:02,Limoges,10.0,15.79,10.68,10.0,15.79,10.68
2018-12-30 20:00:03,Limoges,10.0,15.79,10.7,10.0,15.79,10.7
2019-01-06 20:00:05,Limoges,10.02,16.02,10.72,10.02,16.02,10.72
2019-01-20 20:00:03,Limoges,10.0,16.0,10.71,10.0,16.0,10.71
2019-01-27 20:00:03,Limoges,10.0,16.05,10.72,10.0,16.05,10.72
2018-10-31 14:36:13,Nice,14.84,25.07,15.69,18.34,33.7,20.42
2018-11-04 22:38:12,Nice,20.83,38.24,22.71,20.83,38.24,22.71
2018-11-06 09:32:57,Nice,20.62,38.66,22.56,20.62,38.66,22.56
2018-11-07 23:35:55,Nice,20.65,39.31,22.62,20.65,39.31,22.62
2018-11-11 20:00:01,Nice,20.62,39.4,22.65,20.62,39.4,22.65
2018-11-15 19:03:05,Nice,20.71,39.32,22.69,20.71,39.32,22.69
2018-11-25 20:00:03,Nice,20.79,40.0,22.88,20.79,40.0,22.88
2018-12-02 20:00:03,Nice,20.83,40.0,22.92,20.83,40.0,22.92
2018-12-09 20:00:03,Nice,20.83,40.0,22.94,20.83,40.0,22.94
2018-12-16 20:00:03,Nice,20.94,40.0,22.93,20.94,40.0,22.93
2018-12-23 20:00:02,Nice,20.93,40.48,22.92,20.93,40.48,22.92
2018-12-30 20:00:03,Nice,20.94,40.0,22.88,20.94,40.0,22.88
2019-01-06 20:00:05,Nice,20.62,38.33,22.37,20.62,38.33,22.37
2019-01-20 20:00:03,Nice,20.1,37.5,21.86,20.1,37.5,21.86
2019-01-27 20:00:03,Nice,20.1,37.5,21.84,20.1,37.5,21.84
2018-11-14 22:55:14,Lyon,15.22,32.33,17.19,15.22,32.33,17.19
2018-11-14 22:55:14,Lyon,16.6,34.03,18.76,16.6,34.03,18.76
2018-11-14 22:55:14,Lyon,15.39,27.35,16.43,15.39,27.35,16.43
2018-11-14 22:55:14,Lyon,14.87,23.82,15.85,14.87,23.82,15.85
2018-11-14 22:55:14,Lyon,14.93,26.32,15.73,14.93,26.32,15.73
2018-11-14 22:55:14,Lyon,18.21,33.51,19.35,18.21,33.51,19.35
2018-11-14 22:55:14,Lyon,14.95,27.16,15.83,14.95,27.16,15.83
2018-11-14 22:55:14,Lyon,14.42,25.14,15.55,14.42,25.14,15.55
2018-11-14 22:55:14,Lyon,13.61,25.24,14.17,13.61,25.24,14.17
